"date","beach","ecoli","status","rain","DOY"
2014-06-20,"BRT",24.5950948584936,"swim",FALSE,2019-06-20
2014-06-20,"MNY",15.5184557391536,"swim",FALSE,2019-06-20
2014-06-20,"PEB",37.2791927319135,"swim",FALSE,2019-06-20
2014-06-20,"PRB",47.5015651497016,"swim",FALSE,2019-06-20
2014-06-20,"WBO",39.4870097166964,"swim",FALSE,2019-06-20
2014-06-21,"BRT",13.1950791077289,"swim",FALSE,2019-06-21
2014-06-21,"MNY",31.7767152314644,"swim",FALSE,2019-06-21
2014-06-21,"PEB",14.3096908110526,"swim",FALSE,2019-06-21
2014-06-21,"PRB",30.6388706280041,"swim",FALSE,2019-06-21
2014-06-21,"WBO",11.4869835499704,"swim",FALSE,2019-06-21
2014-06-22,"BRT",35.1948202893552,"swim",FALSE,2019-06-22
2014-06-22,"MNY",10,"swim",FALSE,2019-06-22
2014-06-22,"PEB",17.4110112659225,"swim",FALSE,2019-06-22
2014-06-22,"PRB",36.5018605135924,"swim",FALSE,2019-06-22
2014-06-22,"WBO",11.4869835499704,"swim",FALSE,2019-06-22
2014-06-23,"BRT",14.3096908110526,"swim",FALSE,2019-06-23
2014-06-23,"MNY",20.4767251107922,"swim",FALSE,2019-06-23
2014-06-23,"PEB",22.6793315526605,"swim",FALSE,2019-06-23
2014-06-23,"PRB",24.7011449086334,"swim",FALSE,2019-06-23
2014-06-23,"WBO",29.9255573947769,"swim",FALSE,2019-06-23
2014-06-24,"BRT",10,"no swim",TRUE,2019-06-24
2014-06-24,"MNY",28.6193816221051,"no swim",TRUE,2019-06-24
2014-06-24,"PEB",13.1950791077289,"no swim",TRUE,2019-06-24
2014-06-24,"PRB",29.5797296766199,"no swim",TRUE,2019-06-24
2014-06-24,"WBO",60,"no swim",TRUE,2019-06-24
2014-06-25,"BRT",17,"no swim",TRUE,2019-06-25
2014-06-25,"MNY",830,"no swim",TRUE,2019-06-25
2014-06-25,"PEB",87,"no swim",TRUE,2019-06-25
2014-06-25,"PRB",1000,"no swim",TRUE,2019-06-25
2014-06-25,"WBO",508,"no swim",TRUE,2019-06-25
2014-06-26,"BRT",53,"swim",FALSE,2019-06-26
2014-06-26,"MNY",109,"no swim",FALSE,2019-06-26
2014-06-26,"PEB",736,"no swim",FALSE,2019-06-26
2014-06-26,"PRB",404,"no swim",FALSE,2019-06-26
2014-06-26,"WBO",456,"no swim",FALSE,2019-06-26
2014-06-27,"BRT",31,"swim",FALSE,2019-06-27
2014-06-27,"MNY",45,"swim",FALSE,2019-06-27
2014-06-27,"PEB",187,"no swim",FALSE,2019-06-27
2014-06-27,"PRB",135,"no swim",FALSE,2019-06-27
2014-06-27,"WBO",99,"no swim",FALSE,2019-06-27
2014-06-28,"BRT",20,"swim",FALSE,2019-06-28
2014-06-28,"MNY",41,"swim",FALSE,2019-06-28
2014-06-28,"PEB",88,"swim",FALSE,2019-06-28
2014-06-28,"PRB",73,"swim",FALSE,2019-06-28
2014-06-28,"WBO",23,"swim",FALSE,2019-06-28
2014-06-29,"BRT",27,"swim",FALSE,2019-06-29
2014-06-29,"MNY",32,"swim",FALSE,2019-06-29
2014-06-29,"PEB",57,"swim",FALSE,2019-06-29
2014-06-29,"PRB",50,"swim",FALSE,2019-06-29
2014-06-29,"WBO",19,"swim",FALSE,2019-06-29
2014-06-30,"BRT",24,"swim",FALSE,2019-06-30
2014-06-30,"MNY",59,"swim",FALSE,2019-06-30
2014-06-30,"PEB",29,"swim",FALSE,2019-06-30
2014-06-30,"PRB",39,"swim",FALSE,2019-06-30
2014-06-30,"WBO",27,"swim",FALSE,2019-06-30
2014-07-01,"BRT",16,"swim",FALSE,2019-07-01
2014-07-01,"MNY",20,"swim",FALSE,2019-07-01
2014-07-01,"PEB",26,"swim",FALSE,2019-07-01
2014-07-01,"PRB",22,"swim",FALSE,2019-07-01
2014-07-01,"WBO",11,"swim",FALSE,2019-07-01
2014-07-02,"BRT",95,"swim",FALSE,2019-07-02
2014-07-02,"MNY",75,"swim",FALSE,2019-07-02
2014-07-02,"PEB",16,"swim",FALSE,2019-07-02
2014-07-02,"PRB",217,"no swim",FALSE,2019-07-02
2014-07-02,"WBO",25,"swim",FALSE,2019-07-02
2014-07-03,"BRT",18,"swim",FALSE,2019-07-03
2014-07-03,"MNY",1000,"no swim",FALSE,2019-07-03
2014-07-03,"PEB",22,"swim",FALSE,2019-07-03
2014-07-03,"PRB",62,"swim",FALSE,2019-07-03
2014-07-03,"WBO",21,"swim",FALSE,2019-07-03
2014-07-04,"BRT",22,"swim",FALSE,2019-07-04
2014-07-04,"MNY",72,"swim",FALSE,2019-07-04
2014-07-04,"PEB",30,"swim",FALSE,2019-07-04
2014-07-04,"PRB",122,"swim",FALSE,2019-07-04
2014-07-04,"WBO",14,"swim",FALSE,2019-07-04
2014-07-05,"BRT",12,"swim",FALSE,2019-07-05
2014-07-05,"MNY",24,"swim",FALSE,2019-07-05
2014-07-05,"PEB",34,"swim",FALSE,2019-07-05
2014-07-05,"PRB",27,"swim",FALSE,2019-07-05
2014-07-05,"WBO",26,"swim",FALSE,2019-07-05
2014-07-06,"BRT",16,"swim",FALSE,2019-07-06
2014-07-06,"MNY",35,"swim",FALSE,2019-07-06
2014-07-06,"PEB",20,"swim",FALSE,2019-07-06
2014-07-06,"PRB",29,"swim",FALSE,2019-07-06
2014-07-06,"WBO",11,"swim",FALSE,2019-07-06
2014-07-07,"BRT",12,"swim",FALSE,2019-07-07
2014-07-07,"MNY",207,"no swim",FALSE,2019-07-07
2014-07-07,"PEB",10,"swim",FALSE,2019-07-07
2014-07-07,"PRB",39,"no swim",TRUE,2019-07-07
2014-07-07,"WBO",18,"swim",FALSE,2019-07-07
2014-07-08,"BRT",13,"swim",FALSE,2019-07-08
2014-07-08,"MNY",24,"no swim",TRUE,2019-07-08
2014-07-08,"PEB",14,"no swim",TRUE,2019-07-08
2014-07-08,"PRB",157,"no swim",TRUE,2019-07-08
2014-07-08,"WBO",20,"no swim",TRUE,2019-07-08
2014-07-09,"BRT",36,"swim",FALSE,2019-07-09
2014-07-09,"MNY",1000,"no swim",FALSE,2019-07-09
2014-07-09,"PEB",38,"swim",FALSE,2019-07-09
2014-07-09,"PRB",604,"no swim",FALSE,2019-07-09
2014-07-09,"WBO",151,"swim",FALSE,2019-07-09
2014-07-10,"BRT",30,"swim",FALSE,2019-07-10
2014-07-10,"MNY",31,"swim",FALSE,2019-07-10
2014-07-10,"PEB",182,"swim",FALSE,2019-07-10
2014-07-10,"PRB",242,"no swim",FALSE,2019-07-10
2014-07-10,"WBO",45,"swim",FALSE,2019-07-10
2014-07-11,"BRT",16,"swim",FALSE,2019-07-11
2014-07-11,"MNY",19,"swim",FALSE,2019-07-11
2014-07-11,"PEB",32,"swim",FALSE,2019-07-11
2014-07-11,"PRB",59,"swim",FALSE,2019-07-11
2014-07-11,"WBO",22,"swim",FALSE,2019-07-11
2014-07-12,"BRT",12,"swim",FALSE,2019-07-12
2014-07-12,"MNY",24,"swim",FALSE,2019-07-12
2014-07-12,"PEB",16,"swim",FALSE,2019-07-12
2014-07-12,"PRB",29,"swim",FALSE,2019-07-12
2014-07-12,"WBO",15,"swim",FALSE,2019-07-12
2014-07-13,"BRT",10,"swim",FALSE,2019-07-13
2014-07-13,"MNY",31,"no swim",TRUE,2019-07-13
2014-07-13,"PEB",10,"no swim",TRUE,2019-07-13
2014-07-13,"PRB",25,"no swim",TRUE,2019-07-13
2014-07-13,"WBO",16,"no swim",TRUE,2019-07-13
2014-07-14,"BRT",22,"swim",FALSE,2019-07-14
2014-07-14,"MNY",262,"no swim",FALSE,2019-07-14
2014-07-14,"PEB",11,"swim",FALSE,2019-07-14
2014-07-14,"PRB",215,"no swim",FALSE,2019-07-14
2014-07-14,"WBO",18,"swim",FALSE,2019-07-14
2014-07-15,"BRT",18,"swim",FALSE,2019-07-15
2014-07-15,"MNY",18,"swim",FALSE,2019-07-15
2014-07-15,"PEB",18,"swim",FALSE,2019-07-15
2014-07-15,"PRB",81,"swim",FALSE,2019-07-15
2014-07-15,"WBO",17,"swim",FALSE,2019-07-15
2014-07-16,"BRT",10,"swim",FALSE,2019-07-16
2014-07-16,"MNY",79,"swim",FALSE,2019-07-16
2014-07-16,"PEB",17,"swim",FALSE,2019-07-16
2014-07-16,"PRB",40,"swim",FALSE,2019-07-16
2014-07-16,"WBO",19,"swim",FALSE,2019-07-16
2014-07-17,"BRT",18,"swim",FALSE,2019-07-17
2014-07-17,"MNY",22,"swim",FALSE,2019-07-17
2014-07-17,"PEB",14,"swim",FALSE,2019-07-17
2014-07-17,"PRB",22,"swim",FALSE,2019-07-17
2014-07-17,"WBO",52,"swim",FALSE,2019-07-17
2014-07-18,"BRT",13,"swim",FALSE,2019-07-18
2014-07-18,"MNY",54,"swim",FALSE,2019-07-18
2014-07-18,"PEB",15,"swim",FALSE,2019-07-18
2014-07-18,"PRB",18,"swim",FALSE,2019-07-18
2014-07-18,"WBO",25,"swim",FALSE,2019-07-18
2014-07-19,"BRT",10,"swim",FALSE,2019-07-19
2014-07-19,"MNY",17,"swim",FALSE,2019-07-19
2014-07-19,"PEB",26,"swim",FALSE,2019-07-19
2014-07-19,"PRB",37,"swim",FALSE,2019-07-19
2014-07-19,"WBO",36,"swim",FALSE,2019-07-19
2014-07-20,"BRT",24,"swim",FALSE,2019-07-20
2014-07-20,"MNY",10,"swim",FALSE,2019-07-20
2014-07-20,"PEB",22,"swim",FALSE,2019-07-20
2014-07-20,"PRB",23,"swim",FALSE,2019-07-20
2014-07-20,"WBO",23,"swim",FALSE,2019-07-20
2014-07-21,"BRT",29,"swim",FALSE,2019-07-21
2014-07-21,"MNY",27,"swim",FALSE,2019-07-21
2014-07-21,"PEB",36,"swim",FALSE,2019-07-21
2014-07-21,"PRB",27,"swim",FALSE,2019-07-21
2014-07-21,"WBO",29,"swim",FALSE,2019-07-21
2014-07-22,"BRT",11,"swim",FALSE,2019-07-22
2014-07-22,"MNY",33,"swim",FALSE,2019-07-22
2014-07-22,"PEB",29,"swim",FALSE,2019-07-22
2014-07-22,"PRB",16,"swim",FALSE,2019-07-22
2014-07-22,"WBO",10,"swim",FALSE,2019-07-22
2014-07-23,"BRT",15,"swim",FALSE,2019-07-23
2014-07-23,"MNY",118,"swim",FALSE,2019-07-23
2014-07-23,"PEB",11,"swim",FALSE,2019-07-23
2014-07-23,"PRB",21,"swim",FALSE,2019-07-23
2014-07-23,"WBO",33,"swim",FALSE,2019-07-23
2014-07-24,"BRT",17,"swim",FALSE,2019-07-24
2014-07-24,"MNY",33,"swim",FALSE,2019-07-24
2014-07-24,"PEB",10,"swim",FALSE,2019-07-24
2014-07-24,"PRB",20,"swim",FALSE,2019-07-24
2014-07-24,"WBO",11,"swim",FALSE,2019-07-24
2014-07-25,"BRT",10,"swim",FALSE,2019-07-25
2014-07-25,"MNY",26,"swim",FALSE,2019-07-25
2014-07-25,"PEB",10,"swim",FALSE,2019-07-25
2014-07-25,"PRB",27,"swim",FALSE,2019-07-25
2014-07-25,"WBO",21,"swim",FALSE,2019-07-25
2014-07-26,"BRT",18,"swim",FALSE,2019-07-26
2014-07-26,"MNY",27,"swim",FALSE,2019-07-26
2014-07-26,"PEB",11,"swim",FALSE,2019-07-26
2014-07-26,"PRB",37,"swim",FALSE,2019-07-26
2014-07-26,"WBO",11,"swim",FALSE,2019-07-26
2014-07-27,"BRT",11,"swim",FALSE,2019-07-27
2014-07-27,"MNY",16,"swim",FALSE,2019-07-27
2014-07-27,"PEB",10,"swim",FALSE,2019-07-27
2014-07-27,"PRB",30,"swim",FALSE,2019-07-27
2014-07-27,"WBO",27,"swim",FALSE,2019-07-27
2014-07-28,"BRT",11,"swim",FALSE,2019-07-28
2014-07-28,"MNY",44,"swim",FALSE,2019-07-28
2014-07-28,"PEB",10,"swim",FALSE,2019-07-28
2014-07-28,"PRB",28,"swim",FALSE,2019-07-28
2014-07-28,"WBO",139,"swim",FALSE,2019-07-28
2014-07-29,"BRT",10,"swim",FALSE,2019-07-29
2014-07-29,"MNY",41,"swim",FALSE,2019-07-29
2014-07-29,"PEB",10,"swim",FALSE,2019-07-29
2014-07-29,"PRB",26,"swim",FALSE,2019-07-29
2014-07-29,"WBO",40,"swim",FALSE,2019-07-29
2014-07-30,"BRT",17,"swim",FALSE,2019-07-30
2014-07-30,"MNY",24,"no swim",TRUE,2019-07-30
2014-07-30,"PEB",14,"no swim",TRUE,2019-07-30
2014-07-30,"PRB",35,"no swim",TRUE,2019-07-30
2014-07-30,"WBO",45,"no swim",TRUE,2019-07-30
2014-07-31,"BRT",13,"swim",FALSE,2019-07-31
2014-07-31,"MNY",29,"swim",FALSE,2019-07-31
2014-07-31,"PEB",15,"swim",FALSE,2019-07-31
2014-07-31,"PRB",89,"swim",FALSE,2019-07-31
2014-07-31,"WBO",40,"no swim",TRUE,2019-07-31
2014-08-01,"BRT",17,"swim",FALSE,2019-08-01
2014-08-01,"MNY",47,"swim",FALSE,2019-08-01
2014-08-01,"PEB",23,"swim",FALSE,2019-08-01
2014-08-01,"PRB",57,"swim",FALSE,2019-08-01
2014-08-01,"WBO",39,"swim",FALSE,2019-08-01
2014-08-02,"BRT",19,"swim",FALSE,2019-08-02
2014-08-02,"MNY",124,"swim",FALSE,2019-08-02
2014-08-02,"PEB",28,"swim",FALSE,2019-08-02
2014-08-02,"PRB",55,"swim",FALSE,2019-08-02
2014-08-02,"WBO",24,"swim",FALSE,2019-08-02
2014-08-03,"BRT",73,"swim",FALSE,2019-08-03
2014-08-03,"MNY",22,"swim",FALSE,2019-08-03
2014-08-03,"PEB",18,"swim",FALSE,2019-08-03
2014-08-03,"PRB",19,"swim",FALSE,2019-08-03
2014-08-03,"WBO",39,"swim",FALSE,2019-08-03
2014-08-04,"BRT",26,"swim",FALSE,2019-08-04
2014-08-04,"MNY",37,"swim",FALSE,2019-08-04
2014-08-04,"PEB",10,"swim",FALSE,2019-08-04
2014-08-04,"PRB",17,"swim",FALSE,2019-08-04
2014-08-04,"WBO",17,"swim",FALSE,2019-08-04
2014-08-05,"BRT",25,"swim",FALSE,2019-08-05
2014-08-05,"MNY",45,"swim",FALSE,2019-08-05
2014-08-05,"PEB",10,"swim",FALSE,2019-08-05
2014-08-05,"PRB",34,"swim",FALSE,2019-08-05
2014-08-05,"WBO",34,"swim",FALSE,2019-08-05
2014-08-06,"BRT",23,"swim",FALSE,2019-08-06
2014-08-06,"MNY",14,"swim",FALSE,2019-08-06
2014-08-06,"PEB",10,"swim",FALSE,2019-08-06
2014-08-06,"PRB",19,"swim",FALSE,2019-08-06
2014-08-06,"WBO",22,"swim",FALSE,2019-08-06
2014-08-07,"BRT",60,"swim",FALSE,2019-08-07
2014-08-07,"MNY",24,"swim",FALSE,2019-08-07
2014-08-07,"PEB",11,"swim",FALSE,2019-08-07
2014-08-07,"PRB",22,"swim",FALSE,2019-08-07
2014-08-07,"WBO",15,"swim",FALSE,2019-08-07
2014-08-08,"BRT",53,"swim",FALSE,2019-08-08
2014-08-08,"MNY",16,"swim",FALSE,2019-08-08
2014-08-08,"PEB",26,"swim",FALSE,2019-08-08
2014-08-08,"PRB",32,"swim",FALSE,2019-08-08
2014-08-08,"WBO",27,"swim",FALSE,2019-08-08
2014-08-09,"BRT",11,"swim",FALSE,2019-08-09
2014-08-09,"MNY",14,"swim",FALSE,2019-08-09
2014-08-09,"PEB",10,"swim",FALSE,2019-08-09
2014-08-09,"PRB",41,"swim",FALSE,2019-08-09
2014-08-09,"WBO",10,"swim",FALSE,2019-08-09
2014-08-10,"BRT",14,"swim",FALSE,2019-08-10
2014-08-10,"MNY",50,"swim",FALSE,2019-08-10
2014-08-10,"PEB",24,"swim",FALSE,2019-08-10
2014-08-10,"PRB",31,"swim",FALSE,2019-08-10
2014-08-10,"WBO",16,"swim",FALSE,2019-08-10
2014-08-11,"BRT",13,"swim",FALSE,2019-08-11
2014-08-11,"MNY",37,"swim",FALSE,2019-08-11
2014-08-11,"PEB",33,"swim",FALSE,2019-08-11
2014-08-11,"PRB",40,"swim",FALSE,2019-08-11
2014-08-11,"WBO",16,"swim",FALSE,2019-08-11
2014-08-12,"BRT",18,"no swim",TRUE,2019-08-12
2014-08-12,"MNY",16,"no swim",TRUE,2019-08-12
2014-08-12,"PEB",31,"no swim",TRUE,2019-08-12
2014-08-12,"PRB",35,"no swim",TRUE,2019-08-12
2014-08-12,"WBO",43,"no swim",TRUE,2019-08-12
2014-08-13,"BRT",24,"swim",FALSE,2019-08-13
2014-08-13,"MNY",116,"swim",FALSE,2019-08-13
2014-08-13,"PEB",34,"swim",FALSE,2019-08-13
2014-08-13,"PRB",156,"no swim",TRUE,2019-08-13
2014-08-13,"WBO",160,"no swim",TRUE,2019-08-13
2014-08-14,"BRT",71,"swim",FALSE,2019-08-14
2014-08-14,"MNY",426,"no swim",FALSE,2019-08-14
2014-08-14,"PEB",35,"swim",FALSE,2019-08-14
2014-08-14,"PRB",422,"no swim",FALSE,2019-08-14
2014-08-14,"WBO",77,"swim",FALSE,2019-08-14
2014-08-15,"BRT",10,"swim",FALSE,2019-08-15
2014-08-15,"MNY",53,"swim",FALSE,2019-08-15
2014-08-15,"PEB",142,"swim",FALSE,2019-08-15
2014-08-15,"PRB",115,"no swim",FALSE,2019-08-15
2014-08-15,"WBO",133,"swim",FALSE,2019-08-15
2014-08-16,"BRT",20,"swim",FALSE,2019-08-16
2014-08-16,"MNY",31,"swim",FALSE,2019-08-16
2014-08-16,"PEB",33,"swim",FALSE,2019-08-16
2014-08-16,"PRB",35,"swim",FALSE,2019-08-16
2014-08-16,"WBO",75,"swim",FALSE,2019-08-16
2015-06-19,"BRT",17.82602457966,"swim",FALSE,2019-06-19
2015-06-19,"MNY",66.5867670442397,"swim",FALSE,2019-06-19
2015-06-19,"PEB",33.658654363386,"swim",FALSE,2019-06-19
2015-06-19,"PRB",62.1581976745412,"swim",FALSE,2019-06-19
2015-06-19,"WBO",82.3430491073052,"swim",FALSE,2019-06-19
2015-06-20,"BRT",11.4869835499704,"swim",FALSE,2019-06-20
2015-06-20,"MNY",31.291346445319,"swim",FALSE,2019-06-20
2015-06-20,"PEB",42.27335859913,"swim",FALSE,2019-06-20
2015-06-20,"PRB",63.8160568948085,"swim",FALSE,2019-06-20
2015-06-20,"WBO",13.7972966146121,"swim",FALSE,2019-06-20
2015-06-21,"BRT",10,"swim",FALSE,2019-06-21
2015-06-21,"MNY",37.4332442331342,"swim",FALSE,2019-06-21
2015-06-21,"PEB",16.4375182951723,"swim",FALSE,2019-06-21
2015-06-21,"PRB",45.8034409784717,"swim",FALSE,2019-06-21
2015-06-21,"WBO",51.4352079675504,"swim",FALSE,2019-06-21
2015-06-22,"BRT",10,"swim",FALSE,2019-06-22
2015-06-22,"MNY",69.4869105371577,"swim",FALSE,2019-06-22
2015-06-22,"PEB",15.157165665104,"swim",FALSE,2019-06-22
2015-06-22,"PRB",44.2594949079837,"swim",FALSE,2019-06-22
2015-06-22,"WBO",595.563199429312,"no swim",FALSE,2019-06-22
2015-06-23,"BRT",10,"swim",FALSE,2019-06-23
2015-06-23,"MNY",45.3586631053211,"swim",FALSE,2019-06-23
2015-06-23,"PEB",15.5184557391536,"swim",FALSE,2019-06-23
2015-06-23,"PRB",25.063907803508,"swim",FALSE,2019-06-23
2015-06-23,"WBO",22.6793315526605,"swim",FALSE,2019-06-23
2015-06-24,"BRT",213.181067383051,"no swim",FALSE,2019-06-24
2015-06-24,"MNY",29.3015605158352,"swim",FALSE,2019-06-24
2015-06-24,"PEB",16.4375182951723,"swim",FALSE,2019-06-24
2015-06-24,"PRB",30.4526119754434,"swim",FALSE,2019-06-24
2015-06-24,"WBO",87.6540525127366,"swim",FALSE,2019-06-24
2015-06-25,"BRT",33.658654363386,"swim",FALSE,2019-06-25
2015-06-25,"MNY",36.8010961408917,"swim",FALSE,2019-06-25
2015-06-25,"PEB",15.157165665104,"swim",FALSE,2019-06-25
2015-06-25,"PRB",27.6174556539647,"swim",FALSE,2019-06-25
2015-06-25,"WBO",21.689435423954,"swim",FALSE,2019-06-25
2015-06-26,"BRT",12.4573093961552,"swim",FALSE,2019-06-26
2015-06-26,"MNY",37.9195532927946,"swim",FALSE,2019-06-26
2015-06-26,"PEB",13.1950791077289,"swim",FALSE,2019-06-26
2015-06-26,"PRB",35.6146380550835,"swim",FALSE,2019-06-26
2015-06-26,"WBO",44.3510041063671,"swim",FALSE,2019-06-26
2015-06-27,"BRT",10,"swim",FALSE,2019-06-27
2015-06-27,"MNY",75.9932523834808,"swim",FALSE,2019-06-27
2015-06-27,"PEB",13.1950791077289,"swim",FALSE,2019-06-27
2015-06-27,"PRB",35.1948202893552,"swim",FALSE,2019-06-27
2015-06-27,"WBO",14.3096908110526,"swim",FALSE,2019-06-27
2015-06-28,"BRT",12.4573093961552,"swim",FALSE,2019-06-28
2015-06-28,"MNY",195.151831659017,"swim",FALSE,2019-06-28
2015-06-28,"PEB",262.770343596564,"no swim",FALSE,2019-06-28
2015-06-28,"PRB",21.689435423954,"no swim",TRUE,2019-06-28
2015-06-28,"WBO",24.5950948584936,"swim",FALSE,2019-06-28
2015-06-29,"BRT",11.4869835499704,"swim",FALSE,2019-06-29
2015-06-29,"MNY",451.422796618345,"no swim",FALSE,2019-06-29
2015-06-29,"PEB",16.4375182951723,"swim",FALSE,2019-06-29
2015-06-29,"PRB",80.0337675340278,"swim",FALSE,2019-06-29
2015-06-29,"WBO",49.1901897169873,"swim",FALSE,2019-06-29
2015-06-30,"BRT",13.1950791077289,"swim",FALSE,2019-06-30
2015-06-30,"MNY",22.2064303492292,"swim",FALSE,2019-06-30
2015-06-30,"PEB",12.4573093961552,"swim",FALSE,2019-06-30
2015-06-30,"PRB",64.3330146336428,"swim",FALSE,2019-06-30
2015-06-30,"WBO",64.9068444639842,"swim",FALSE,2019-06-30
2015-07-01,"BRT",10,"no swim",TRUE,2019-07-01
2015-07-01,"MNY",12.4573093961552,"no swim",TRUE,2019-07-01
2015-07-01,"PEB",38.9805984091619,"no swim",TRUE,2019-07-01
2015-07-01,"PRB",53.8684660942275,"no swim",TRUE,2019-07-01
2015-07-01,"WBO",125.754352446593,"no swim",TRUE,2019-07-01
2015-07-02,"BRT",69.4250342942507,"swim",FALSE,2019-07-02
2015-07-02,"MNY",50.7303496327147,"swim",FALSE,2019-07-02
2015-07-02,"PEB",11.4869835499704,"swim",FALSE,2019-07-02
2015-07-02,"PRB",130.691875902646,"swim",FALSE,2019-07-02
2015-07-02,"WBO",1000,"no swim",FALSE,2019-07-02
2015-07-03,"BRT",36.2967808990371,"swim",FALSE,2019-07-03
2015-07-03,"MNY",35.8721402589629,"swim",FALSE,2019-07-03
2015-07-03,"PEB",53.7826878466285,"swim",FALSE,2019-07-03
2015-07-03,"PRB",273.201399494755,"no swim",FALSE,2019-07-03
2015-07-03,"WBO",82.3186728303538,"swim",FALSE,2019-07-03
2015-07-04,"BRT",10,"swim",FALSE,2019-07-04
2015-07-04,"MNY",51.1462278313015,"swim",FALSE,2019-07-04
2015-07-04,"PEB",40.9534502215844,"swim",FALSE,2019-07-04
2015-07-04,"PRB",42.581956027457,"swim",FALSE,2019-07-04
2015-07-04,"WBO",43.6466620018894,"swim",FALSE,2019-07-04
2015-07-05,"BRT",18.2056420302608,"swim",FALSE,2019-07-05
2015-07-05,"MNY",27.0192007704123,"swim",FALSE,2019-07-05
2015-07-05,"PEB",22.6793315526605,"swim",FALSE,2019-07-05
2015-07-05,"PRB",29.1369345857619,"swim",FALSE,2019-07-05
2015-07-05,"WBO",10,"swim",FALSE,2019-07-05
2015-07-06,"BRT",12.4573093961552,"swim",FALSE,2019-07-06
2015-07-06,"MNY",31.0369114783072,"swim",FALSE,2019-07-06
2015-07-06,"PEB",10,"swim",FALSE,2019-07-06
2015-07-06,"PRB",20.2784474453604,"swim",FALSE,2019-07-06
2015-07-06,"WBO",196.863131846809,"swim",FALSE,2019-07-06
2015-07-07,"BRT",12.4573093961552,"swim",FALSE,2019-07-07
2015-07-07,"MNY",25.5084900125158,"swim",FALSE,2019-07-07
2015-07-07,"PEB",22.3685382944029,"swim",FALSE,2019-07-07
2015-07-07,"PRB",31.0369114783072,"swim",FALSE,2019-07-07
2015-07-07,"WBO",27.8651802273122,"swim",FALSE,2019-07-07
2015-07-08,"BRT",312.816877298868,"no swim",FALSE,2019-07-08
2015-07-08,"MNY",11.4869835499704,"swim",FALSE,2019-07-08
2015-07-08,"PEB",12.4573093961552,"swim",FALSE,2019-07-08
2015-07-08,"PRB",34.0707832530888,"swim",FALSE,2019-07-08
2015-07-08,"WBO",11.4869835499704,"swim",FALSE,2019-07-08
2015-07-09,"BRT",131.397250972137,"no swim",FALSE,2019-07-09
2015-07-09,"MNY",22.6793315526605,"swim",FALSE,2019-07-09
2015-07-09,"PEB",72.5935617980741,"swim",FALSE,2019-07-09
2015-07-09,"PRB",71.9000061460043,"swim",FALSE,2019-07-09
2015-07-09,"WBO",83.0545419050461,"swim",FALSE,2019-07-09
2015-07-10,"BRT",23.5215804504935,"swim",FALSE,2019-07-10
2015-07-10,"MNY",33.1445401733999,"swim",FALSE,2019-07-10
2015-07-10,"PEB",27.2406992742666,"swim",FALSE,2019-07-10
2015-07-10,"PRB",36.5904669954705,"swim",FALSE,2019-07-10
2015-07-10,"WBO",17.4110112659225,"swim",FALSE,2019-07-10
2015-07-11,"BRT",24.9146187923103,"swim",FALSE,2019-07-11
2015-07-11,"MNY",26.0517108469735,"swim",FALSE,2019-07-11
2015-07-11,"PEB",10,"swim",FALSE,2019-07-11
2015-07-11,"PRB",47.8938895318699,"swim",FALSE,2019-07-11
2015-07-11,"WBO",25.5084900125158,"swim",FALSE,2019-07-11
2015-07-12,"BRT",15.157165665104,"swim",FALSE,2019-07-12
2015-07-12,"MNY",27.0192007704123,"swim",FALSE,2019-07-12
2015-07-12,"PEB",18.881750225898,"swim",FALSE,2019-07-12
2015-07-12,"PRB",35.7993766976089,"swim",FALSE,2019-07-12
2015-07-12,"WBO",50.0797452219603,"swim",FALSE,2019-07-12
2015-07-13,"BRT",47.8938895318699,"swim",FALSE,2019-07-13
2015-07-13,"MNY",19.4729436123034,"swim",FALSE,2019-07-13
2015-07-13,"PEB",45.8034409784717,"swim",FALSE,2019-07-13
2015-07-13,"PRB",42.868720493426,"swim",FALSE,2019-07-13
2015-07-13,"WBO",22.9739670999407,"swim",FALSE,2019-07-13
2015-07-14,"BRT",10,"swim",FALSE,2019-07-14
2015-07-14,"MNY",18.881750225898,"swim",FALSE,2019-07-14
2015-07-14,"PEB",28.2523450049477,"swim",FALSE,2019-07-14
2015-07-14,"PRB",106.581681780865,"swim",FALSE,2019-07-14
2015-07-14,"WBO",13.1950791077289,"swim",FALSE,2019-07-14
2015-07-15,"BRT",177.639634419818,"swim",FALSE,2019-07-15
2015-07-15,"MNY",16.4375182951723,"swim",FALSE,2019-07-15
2015-07-15,"PEB",27.0192007704123,"swim",FALSE,2019-07-15
2015-07-15,"PRB",113.429039751471,"no swim",FALSE,2019-07-15
2015-07-15,"WBO",26.672686083966,"swim",FALSE,2019-07-15
2015-07-16,"BRT",33.7977444523543,"swim",FALSE,2019-07-16
2015-07-16,"MNY",12.4573093961552,"swim",FALSE,2019-07-16
2015-07-16,"PEB",17.4110112659225,"swim",FALSE,2019-07-16
2015-07-16,"PRB",51.8412948598172,"swim",FALSE,2019-07-16
2015-07-16,"WBO",27.5945932292243,"swim",FALSE,2019-07-16
2015-07-17,"BRT",69.7626609131699,"swim",FALSE,2019-07-17
2015-07-17,"MNY",20.4767251107922,"swim",FALSE,2019-07-17
2015-07-17,"PEB",61.7800850567412,"swim",FALSE,2019-07-17
2015-07-17,"PRB",49.5967836467282,"swim",FALSE,2019-07-17
2015-07-17,"WBO",13.1950791077289,"swim",FALSE,2019-07-17
2015-07-18,"BRT",14.3096908110526,"swim",FALSE,2019-07-18
2015-07-18,"MNY",39.6096425435362,"swim",FALSE,2019-07-18
2015-07-18,"PEB",58.6336117459012,"swim",FALSE,2019-07-18
2015-07-18,"PRB",79.8194998278591,"swim",FALSE,2019-07-18
2015-07-18,"WBO",27.0192007704123,"swim",FALSE,2019-07-18
2015-07-19,"BRT",16.9521820307244,"swim",FALSE,2019-07-19
2015-07-19,"MNY",20.4767251107922,"swim",FALSE,2019-07-19
2015-07-19,"PEB",35.6520491593201,"swim",FALSE,2019-07-19
2015-07-19,"PRB",115.41824660313,"swim",FALSE,2019-07-19
2015-07-19,"WBO",34.2018163455593,"swim",FALSE,2019-07-19
2015-07-20,"BRT",30.8625357683187,"swim",FALSE,2019-07-20
2015-07-20,"MNY",24.5950948584936,"swim",FALSE,2019-07-20
2015-07-20,"PEB",23.5215804504935,"swim",FALSE,2019-07-20
2015-07-20,"PRB",91.1055184868386,"swim",FALSE,2019-07-20
2015-07-20,"WBO",28.2523450049477,"swim",FALSE,2019-07-20
2015-07-21,"BRT",12.4573093961552,"swim",FALSE,2019-07-21
2015-07-21,"MNY",13.1950791077289,"swim",FALSE,2019-07-21
2015-07-21,"PEB",27.5945932292243,"swim",FALSE,2019-07-21
2015-07-21,"PRB",31.9047418913514,"swim",FALSE,2019-07-21
2015-07-21,"WBO",70.2916044869961,"swim",FALSE,2019-07-21
2015-07-22,"BRT",70.6484330052357,"swim",FALSE,2019-07-22
2015-07-22,"MNY",65.108422397461,"swim",FALSE,2019-07-22
2015-07-22,"PEB",17.82602457966,"swim",FALSE,2019-07-22
2015-07-22,"PRB",114.552050282981,"swim",FALSE,2019-07-22
2015-07-22,"WBO",32.4534222319921,"swim",FALSE,2019-07-22
2015-07-23,"BRT",62.0738229566144,"swim",FALSE,2019-07-23
2015-07-23,"MNY",43.5858725430449,"swim",FALSE,2019-07-23
2015-07-23,"PEB",178.536050922502,"swim",FALSE,2019-07-23
2015-07-23,"PRB",23.9770499707034,"swim",FALSE,2019-07-23
2015-07-23,"WBO",17.4110112659225,"swim",FALSE,2019-07-23
2015-07-24,"BRT",17.82602457966,"swim",FALSE,2019-07-24
2015-07-24,"MNY",45.3586631053211,"swim",FALSE,2019-07-24
2015-07-24,"PEB",29.3015605158352,"swim",FALSE,2019-07-24
2015-07-24,"PRB",28.4666067937235,"swim",FALSE,2019-07-24
2015-07-24,"WBO",13.1950791077289,"swim",FALSE,2019-07-24
2015-07-25,"BRT",74.4024042111217,"swim",FALSE,2019-07-25
2015-07-25,"MNY",11.4869835499704,"swim",FALSE,2019-07-25
2015-07-25,"PEB",96.5730298907511,"swim",FALSE,2019-07-25
2015-07-25,"PRB",32.8750365903445,"swim",FALSE,2019-07-25
2015-07-25,"WBO",16.4375182951723,"swim",FALSE,2019-07-25
2015-07-26,"BRT",16.4375182951723,"swim",FALSE,2019-07-26
2015-07-26,"MNY",24.5950948584936,"swim",FALSE,2019-07-26
2015-07-26,"PEB",12.4573093961552,"swim",FALSE,2019-07-26
2015-07-26,"PRB",123.790981505057,"swim",FALSE,2019-07-26
2015-07-26,"WBO",79.7484226894186,"swim",FALSE,2019-07-26
2015-07-27,"BRT",21.689435423954,"swim",FALSE,2019-07-27
2015-07-27,"MNY",91.2773522555165,"swim",FALSE,2019-07-27
2015-07-27,"PEB",26.0517108469735,"swim",FALSE,2019-07-27
2015-07-27,"PRB",97.5439343651897,"swim",FALSE,2019-07-27
2015-07-27,"WBO",142.365396922052,"swim",FALSE,2019-07-27
2015-07-28,"BRT",17.1877192758748,"swim",FALSE,2019-07-28
2015-07-28,"MNY",21.689435423954,"swim",FALSE,2019-07-28
2015-07-28,"PEB",18.881750225898,"swim",FALSE,2019-07-28
2015-07-28,"PRB",38.5591497825106,"swim",FALSE,2019-07-28
2015-07-28,"WBO",48.1644937056138,"swim",FALSE,2019-07-28
2015-07-29,"BRT",27.0192007704123,"swim",FALSE,2019-07-29
2015-07-29,"MNY",13.1950791077289,"swim",FALSE,2019-07-29
2015-07-29,"PEB",10,"swim",FALSE,2019-07-29
2015-07-29,"PRB",30.2507446578071,"swim",FALSE,2019-07-29
2015-07-29,"WBO",23.5215804504935,"swim",FALSE,2019-07-29
2015-07-30,"BRT",17.1877192758748,"swim",FALSE,2019-07-30
2015-07-30,"MNY",10,"swim",FALSE,2019-07-30
2015-07-30,"PEB",13.1950791077289,"swim",FALSE,2019-07-30
2015-07-30,"PRB",31.0299822810917,"swim",FALSE,2019-07-30
2015-07-30,"WBO",122.128754389529,"swim",FALSE,2019-07-30
2015-07-31,"BRT",68.5346750939765,"swim",FALSE,2019-07-31
2015-07-31,"MNY",12.4573093961552,"swim",FALSE,2019-07-31
2015-07-31,"PEB",31.0369114783072,"swim",FALSE,2019-07-31
2015-07-31,"PRB",75.3833076771029,"swim",FALSE,2019-07-31
2015-07-31,"WBO",184.851580005234,"no swim",FALSE,2019-07-31
2015-08-01,"BRT",20,"swim",FALSE,2019-08-01
2015-08-01,"MNY",16.4375182951723,"swim",FALSE,2019-08-01
2015-08-01,"PEB",75.0527258142253,"swim",FALSE,2019-08-01
2015-08-01,"PRB",58.5146784908771,"swim",FALSE,2019-08-01
2015-08-01,"WBO",45.7305051927327,"swim",FALSE,2019-08-01
2015-08-02,"BRT",11.4869835499704,"swim",FALSE,2019-08-02
2015-08-02,"MNY",11.4869835499704,"swim",FALSE,2019-08-02
2015-08-02,"PEB",27.7985163527231,"swim",FALSE,2019-08-02
2015-08-02,"PRB",43.6466620018894,"swim",FALSE,2019-08-02
2015-08-02,"WBO",21.8672414788656,"swim",FALSE,2019-08-02
2015-08-03,"BRT",48.1644937056138,"swim",FALSE,2019-08-03
2015-08-03,"MNY",10,"swim",FALSE,2019-08-03
2015-08-03,"PEB",19.4729436123034,"swim",FALSE,2019-08-03
2015-08-03,"PRB",35.9443181873802,"swim",FALSE,2019-08-03
2015-08-03,"WBO",65.6017244365967,"swim",FALSE,2019-08-03
2015-08-04,"BRT",42.2357152993351,"swim",FALSE,2019-08-04
2015-08-04,"MNY",31.0369114783072,"swim",FALSE,2019-08-04
2015-08-04,"PEB",35.6520491593201,"swim",FALSE,2019-08-04
2015-08-04,"PRB",59.1149329630217,"swim",FALSE,2019-08-04
2015-08-04,"WBO",88.4053915442495,"swim",FALSE,2019-08-04
2015-08-05,"BRT",106.267552586152,"swim",FALSE,2019-08-05
2015-08-05,"MNY",123.821626633582,"swim",FALSE,2019-08-05
2015-08-05,"PEB",17.4110112659225,"swim",FALSE,2019-08-05
2015-08-05,"PRB",40.5263697279205,"swim",FALSE,2019-08-05
2015-08-05,"WBO",59.6629000083781,"swim",FALSE,2019-08-05
2015-08-06,"BRT",49.3934618915144,"swim",FALSE,2019-08-06
2015-08-06,"MNY",10,"swim",FALSE,2019-08-06
2015-08-06,"PEB",161.179502485153,"swim",FALSE,2019-08-06
2015-08-06,"PRB",30.6297735611826,"swim",FALSE,2019-08-06
2015-08-06,"WBO",56.5046900098953,"swim",FALSE,2019-08-06
2015-08-07,"BRT",15.157165665104,"swim",FALSE,2019-08-07
2015-08-07,"MNY",18.881750225898,"swim",FALSE,2019-08-07
2015-08-07,"PEB",38.1677890961818,"swim",FALSE,2019-08-07
2015-08-07,"PRB",44.4036911609881,"swim",FALSE,2019-08-07
2015-08-07,"WBO",80.1129617900834,"swim",FALSE,2019-08-07
2015-08-08,"BRT",11.4869835499704,"swim",FALSE,2019-08-08
2015-08-08,"MNY",17.4110112659225,"swim",FALSE,2019-08-08
2015-08-08,"PEB",31.291346445319,"swim",FALSE,2019-08-08
2015-08-08,"PRB",24.9146187923103,"swim",FALSE,2019-08-08
2015-08-08,"WBO",21.689435423954,"swim",FALSE,2019-08-08
2015-08-09,"BRT",13.1950791077289,"swim",FALSE,2019-08-09
2015-08-09,"MNY",13.1950791077289,"swim",FALSE,2019-08-09
2015-08-09,"PEB",11.4869835499704,"swim",FALSE,2019-08-09
2015-08-09,"PRB",40.9534502215844,"swim",FALSE,2019-08-09
2015-08-09,"WBO",21.689435423954,"swim",FALSE,2019-08-09
2015-08-10,"BRT",23.5215804504935,"no swim",TRUE,2019-08-10
2015-08-10,"MNY",22.2064303492292,"no swim",TRUE,2019-08-10
2015-08-10,"PEB",136.700217312619,"no swim",TRUE,2019-08-10
2015-08-10,"PRB",42.2555852083725,"no swim",TRUE,2019-08-10
2015-08-10,"WBO",29.9255573947769,"no swim",TRUE,2019-08-10
2015-08-11,"BRT",36.4112840605216,"no swim",TRUE,2019-08-11
2015-08-11,"MNY",566.762976958919,"no swim",FALSE,2019-08-11
2015-08-11,"PEB",278.707510354798,"no swim",FALSE,2019-08-11
2015-08-11,"PRB",207.6110851215,"no swim",FALSE,2019-08-11
2015-08-11,"WBO",72.2269088945593,"no swim",TRUE,2019-08-11
2015-08-12,"BRT",230.997994613781,"no swim",FALSE,2019-08-12
2015-08-12,"MNY",97.3241805975882,"swim",FALSE,2019-08-12
2015-08-12,"PEB",54.6976013703207,"swim",FALSE,2019-08-12
2015-08-12,"PRB",352.368743567971,"no swim",FALSE,2019-08-12
2015-08-12,"WBO",175.287772375306,"no swim",FALSE,2019-08-12
2015-08-13,"BRT",66.9390976566419,"swim",FALSE,2019-08-13
2015-08-13,"MNY",17.4110112659225,"swim",FALSE,2019-08-13
2015-08-13,"PEB",126.181371962889,"swim",FALSE,2019-08-13
2015-08-13,"PRB",96.1487999335145,"swim",FALSE,2019-08-13
2015-08-13,"WBO",92.7503281815108,"swim",FALSE,2019-08-13
2015-08-14,"BRT",16.4375182951723,"swim",FALSE,2019-08-14
2015-08-14,"MNY",21.689435423954,"swim",FALSE,2019-08-14
2015-08-14,"PEB",102.546917652859,"no swim",FALSE,2019-08-14
2015-08-14,"PRB",80.4174801040324,"swim",FALSE,2019-08-14
2015-08-14,"WBO",56.9679052028351,"swim",FALSE,2019-08-14
2015-08-15,"BRT",45.9479341998814,"swim",FALSE,2019-08-15
2015-08-15,"MNY",36.5018605135924,"swim",FALSE,2019-08-15
2015-08-15,"PEB",39.7307752111093,"swim",FALSE,2019-08-15
2015-08-15,"PRB",103.295514786355,"swim",FALSE,2019-08-15
2015-08-15,"WBO",33.658654363386,"swim",FALSE,2019-08-15
2016-06-18,"BRT",10,"swim",FALSE,2019-06-18
2016-06-18,"MNY",14.3096908110526,"swim",FALSE,2019-06-18
2016-06-18,"PEB",15.157165665104,"swim",FALSE,2019-06-18
2016-06-18,"PRB",26.7294940447095,"swim",FALSE,2019-06-18
2016-06-18,"WBO",15.157165665104,"swim",FALSE,2019-06-18
2016-06-19,"BRT",11.4869835499704,"swim",FALSE,2019-06-19
2016-06-19,"MNY",10,"swim",FALSE,2019-06-19
2016-06-19,"PEB",11.4869835499704,"swim",FALSE,2019-06-19
2016-06-19,"PRB",20,"swim",FALSE,2019-06-19
2016-06-19,"WBO",11.4869835499704,"swim",FALSE,2019-06-19
2016-06-20,"BRT",20.4767251107922,"swim",FALSE,2019-06-20
2016-06-20,"MNY",10,"swim",FALSE,2019-06-20
2016-06-20,"PEB",20.4767251107922,"swim",FALSE,2019-06-20
2016-06-20,"PRB",27.0192007704123,"swim",FALSE,2019-06-20
2016-06-20,"WBO",30.6388706280041,"swim",FALSE,2019-06-20
2016-06-21,"BRT",12.4573093961552,"swim",FALSE,2019-06-21
2016-06-21,"MNY",11.4869835499704,"swim",FALSE,2019-06-21
2016-06-21,"PEB",58.2738691715238,"swim",FALSE,2019-06-21
2016-06-21,"PRB",231.228980700609,"no swim",FALSE,2019-06-21
2016-06-21,"WBO",10,"swim",FALSE,2019-06-21
2016-06-22,"BRT",15.157165665104,"swim",FALSE,2019-06-22
2016-06-22,"MNY",10,"swim",FALSE,2019-06-22
2016-06-22,"PEB",28.8539981181443,"swim",FALSE,2019-06-22
2016-06-22,"PRB",95.5461724820673,"swim",FALSE,2019-06-22
2016-06-22,"WBO",45.5461019856367,"swim",FALSE,2019-06-22
2016-06-23,"BRT",18.881750225898,"swim",FALSE,2019-06-23
2016-06-23,"MNY",11.4869835499704,"swim",FALSE,2019-06-23
2016-06-23,"PEB",17.82602457966,"swim",FALSE,2019-06-23
2016-06-23,"PRB",93.2060404726451,"swim",FALSE,2019-06-23
2016-06-23,"WBO",46.4398437900346,"swim",FALSE,2019-06-23
2016-06-24,"BRT",13.7972966146121,"swim",FALSE,2019-06-24
2016-06-24,"MNY",11.4869835499704,"swim",FALSE,2019-06-24
2016-06-24,"PEB",27.5945932292243,"swim",FALSE,2019-06-24
2016-06-24,"PRB",80.6758805975933,"swim",FALSE,2019-06-24
2016-06-24,"WBO",14.3096908110526,"swim",FALSE,2019-06-24
2016-06-25,"BRT",12.4573093961552,"swim",FALSE,2019-06-25
2016-06-25,"MNY",28.2523450049477,"swim",FALSE,2019-06-25
2016-06-25,"PEB",28.2523450049477,"swim",FALSE,2019-06-25
2016-06-25,"PRB",41.7098937584507,"swim",FALSE,2019-06-25
2016-06-25,"WBO",12.4573093961552,"swim",FALSE,2019-06-25
2016-06-26,"BRT",10,"swim",FALSE,2019-06-26
2016-06-26,"MNY",15.157165665104,"swim",FALSE,2019-06-26
2016-06-26,"PEB",12.4573093961552,"swim",FALSE,2019-06-26
2016-06-26,"PRB",36.5018605135923,"swim",FALSE,2019-06-26
2016-06-26,"WBO",12.4573093961552,"swim",FALSE,2019-06-26
2016-06-27,"BRT",13.1950791077289,"swim",FALSE,2019-06-27
2016-06-27,"MNY",10,"swim",FALSE,2019-06-27
2016-06-27,"PEB",12.4573093961552,"swim",FALSE,2019-06-27
2016-06-27,"PRB",15.157165665104,"swim",FALSE,2019-06-27
2016-06-27,"WBO",48.5160966864693,"swim",FALSE,2019-06-27
2016-06-28,"BRT",10,"swim",FALSE,2019-06-28
2016-06-28,"MNY",69.4611555595325,"swim",FALSE,2019-06-28
2016-06-28,"PEB",13.7972966146121,"swim",FALSE,2019-06-28
2016-06-28,"PRB",51.5600644203051,"swim",FALSE,2019-06-28
2016-06-28,"WBO",26.0517108469735,"swim",FALSE,2019-06-28
2016-06-29,"BRT",26.0517108469735,"swim",FALSE,2019-06-29
2016-06-29,"MNY",11.4869835499704,"swim",FALSE,2019-06-29
2016-06-29,"PEB",27.0192007704123,"swim",FALSE,2019-06-29
2016-06-29,"PRB",225.023383557419,"no swim",FALSE,2019-06-29
2016-06-29,"WBO",218.492984125941,"no swim",FALSE,2019-06-29
2016-06-30,"BRT",90.5822661225181,"swim",FALSE,2019-06-30
2016-06-30,"MNY",18.881750225898,"swim",FALSE,2019-06-30
2016-06-30,"PEB",20.9127910518255,"swim",FALSE,2019-06-30
2016-06-30,"PRB",40.7846945974964,"swim",FALSE,2019-06-30
2016-06-30,"WBO",38.9805984091619,"swim",FALSE,2019-06-30
2016-07-01,"BRT",13.7972966146121,"swim",FALSE,2019-07-01
2016-07-01,"MNY",11.4869835499704,"swim",FALSE,2019-07-01
2016-07-01,"PEB",15.157165665104,"swim",FALSE,2019-07-01
2016-07-01,"PRB",51.8965743261481,"swim",FALSE,2019-07-01
2016-07-01,"WBO",37.2791927319135,"swim",FALSE,2019-07-01
2016-07-02,"BRT",13.7972966146121,"swim",FALSE,2019-07-02
2016-07-02,"MNY",11.4869835499704,"swim",FALSE,2019-07-02
2016-07-02,"PEB",15.157165665104,"swim",FALSE,2019-07-02
2016-07-02,"PRB",16.4375182951723,"swim",FALSE,2019-07-02
2016-07-02,"WBO",17.82602457966,"swim",FALSE,2019-07-02
2016-07-03,"BRT",51.9395712101739,"swim",FALSE,2019-07-03
2016-07-03,"MNY",37.9195532927946,"swim",FALSE,2019-07-03
2016-07-03,"PEB",18.2056420302608,"swim",FALSE,2019-07-03
2016-07-03,"PRB",81.9495159191191,"swim",FALSE,2019-07-03
2016-07-03,"WBO",335.097748565679,"no swim",FALSE,2019-07-03
2016-07-04,"BRT",17.82602457966,"swim",FALSE,2019-07-04
2016-07-04,"MNY",16.4375182951723,"swim",FALSE,2019-07-04
2016-07-04,"PEB",25.5084900125158,"swim",FALSE,2019-07-04
2016-07-04,"PRB",61.2777412560081,"swim",FALSE,2019-07-04
2016-07-04,"WBO",44.7370765888058,"swim",FALSE,2019-07-04
2016-07-05,"BRT",10,"swim",FALSE,2019-07-05
2016-07-05,"MNY",17.82602457966,"swim",FALSE,2019-07-05
2016-07-05,"PEB",11.8920711500272,"swim",FALSE,2019-07-05
2016-07-05,"PRB",22.8942848510666,"swim",FALSE,2019-07-05
2016-07-05,"WBO",52.9391418431329,"swim",FALSE,2019-07-05
2016-07-06,"BRT",11.4869835499704,"swim",FALSE,2019-07-06
2016-07-06,"MNY",11.4869835499704,"swim",FALSE,2019-07-06
2016-07-06,"PEB",20.4767251107922,"swim",FALSE,2019-07-06
2016-07-06,"PRB",27.9489902525997,"swim",FALSE,2019-07-06
2016-07-06,"WBO",22.6793315526605,"swim",FALSE,2019-07-06
2016-07-07,"BRT",11.4869835499704,"swim",FALSE,2019-07-07
2016-07-07,"MNY",10,"swim",FALSE,2019-07-07
2016-07-07,"PEB",11.4869835499704,"swim",FALSE,2019-07-07
2016-07-07,"PRB",15.8189535566701,"swim",FALSE,2019-07-07
2016-07-07,"WBO",95.3039776570441,"swim",FALSE,2019-07-07
2016-07-08,"BRT",17.82602457966,"swim",FALSE,2019-07-08
2016-07-08,"MNY",43.0345505415662,"swim",FALSE,2019-07-08
2016-07-08,"PEB",528.851300715571,"no swim",FALSE,2019-07-08
2016-07-08,"PRB",37.4006473467514,"swim",FALSE,2019-07-08
2016-07-08,"WBO",15.157165665104,"swim",FALSE,2019-07-08
2016-07-09,"BRT",31.0369114783072,"swim",FALSE,2019-07-09
2016-07-09,"MNY",17.4110112659225,"swim",FALSE,2019-07-09
2016-07-09,"PEB",16.4375182951723,"swim",FALSE,2019-07-09
2016-07-09,"PRB",40.0580361967081,"swim",FALSE,2019-07-09
2016-07-09,"WBO",14.3096908110526,"swim",FALSE,2019-07-09
2016-07-10,"BRT",10,"swim",FALSE,2019-07-10
2016-07-10,"MNY",19.3318204493176,"swim",FALSE,2019-07-10
2016-07-10,"PEB",91.4427108621141,"swim",FALSE,2019-07-10
2016-07-10,"PRB",186.024677868105,"swim",FALSE,2019-07-10
2016-07-10,"WBO",21.689435423954,"swim",FALSE,2019-07-10
2016-07-11,"BRT",68.5346750939765,"swim",FALSE,2019-07-11
2016-07-11,"MNY",243.721947723822,"no swim",FALSE,2019-07-11
2016-07-11,"PEB",58.2738691715238,"swim",FALSE,2019-07-11
2016-07-11,"PRB",608.838463292657,"no swim",FALSE,2019-07-11
2016-07-11,"WBO",41.6940525104117,"swim",FALSE,2019-07-11
2016-07-12,"BRT",31.0369114783072,"swim",FALSE,2019-07-12
2016-07-12,"MNY",131.214245733846,"no swim",FALSE,2019-07-12
2016-07-12,"PEB",176.177603764683,"swim",FALSE,2019-07-12
2016-07-12,"PRB",166.766333054926,"no swim",FALSE,2019-07-12
2016-07-12,"WBO",32.8750365903445,"swim",FALSE,2019-07-12
2016-07-13,"BRT",52.4250721921983,"swim",FALSE,2019-07-13
2016-07-13,"MNY",27.2406992742666,"swim",FALSE,2019-07-13
2016-07-13,"PEB",72.0407545912048,"swim",FALSE,2019-07-13
2016-07-13,"PRB",86.0121207552355,"swim",FALSE,2019-07-13
2016-07-13,"WBO",13.1950791077289,"swim",FALSE,2019-07-13
2016-07-14,"BRT",126.793931695774,"swim",FALSE,2019-07-14
2016-07-14,"MNY",42.4964494014029,"swim",FALSE,2019-07-14
2016-07-14,"PEB",272.841455864662,"no swim",FALSE,2019-07-14
2016-07-14,"PRB",177.293030168994,"swim",FALSE,2019-07-14
2016-07-14,"WBO",11.4869835499704,"swim",FALSE,2019-07-14
2016-07-15,"BRT",15.157165665104,"swim",FALSE,2019-07-15
2016-07-15,"MNY",57.4606255691054,"swim",FALSE,2019-07-15
2016-07-15,"PEB",43.8432765486578,"swim",FALSE,2019-07-15
2016-07-15,"PRB",1000,"no swim",FALSE,2019-07-15
2016-07-15,"WBO",129.559150323842,"swim",FALSE,2019-07-15
2016-07-16,"BRT",84.6871610245124,"swim",FALSE,2019-07-16
2016-07-16,"MNY",545.016012437133,"no swim",FALSE,2019-07-16
2016-07-16,"PEB",40.4282321707986,"swim",FALSE,2019-07-16
2016-07-16,"PRB",159.365670985781,"no swim",FALSE,2019-07-16
2016-07-16,"WBO",73.272124302932,"swim",FALSE,2019-07-16
2016-07-17,"BRT",38.6636408986353,"swim",FALSE,2019-07-17
2016-07-17,"MNY",46.1789292741588,"swim",FALSE,2019-07-17
2016-07-17,"PEB",144.223794618842,"swim",FALSE,2019-07-17
2016-07-17,"PRB",238.852013809432,"no swim",FALSE,2019-07-17
2016-07-17,"WBO",24.0822468528069,"swim",FALSE,2019-07-17
2016-07-18,"BRT",11.4869835499704,"swim",FALSE,2019-07-18
2016-07-18,"MNY",44.4128606984584,"swim",FALSE,2019-07-18
2016-07-18,"PEB",348.83825140773,"no swim",FALSE,2019-07-18
2016-07-18,"PRB",69.0349813196016,"swim",FALSE,2019-07-18
2016-07-18,"WBO",73.6021922817833,"swim",FALSE,2019-07-18
2016-07-19,"BRT",14.3096908110526,"swim",FALSE,2019-07-19
2016-07-19,"MNY",78.6964892633998,"swim",FALSE,2019-07-19
2016-07-19,"PEB",96.9834116624087,"swim",FALSE,2019-07-19
2016-07-19,"PRB",45.1299309651016,"swim",FALSE,2019-07-19
2016-07-19,"WBO",20,"swim",FALSE,2019-07-19
2016-07-20,"BRT",26.3901582154579,"swim",FALSE,2019-07-20
2016-07-20,"MNY",27.6632373444518,"swim",FALSE,2019-07-20
2016-07-20,"PEB",36.8010961408917,"swim",FALSE,2019-07-20
2016-07-20,"PRB",51.8252853102721,"swim",FALSE,2019-07-20
2016-07-20,"WBO",17.1877192758748,"swim",FALSE,2019-07-20
2016-07-21,"BRT",17.82602457966,"swim",FALSE,2019-07-21
2016-07-21,"MNY",11.4869835499704,"swim",FALSE,2019-07-21
2016-07-21,"PEB",45.4714969953119,"swim",FALSE,2019-07-21
2016-07-21,"PRB",29.3570896606199,"swim",FALSE,2019-07-21
2016-07-21,"WBO",58.4188308369101,"swim",FALSE,2019-07-21
2016-07-22,"BRT",11.4869835499704,"swim",FALSE,2019-07-22
2016-07-22,"MNY",22,"swim",FALSE,2019-07-22
2016-07-22,"PEB",14.3096908110526,"swim",FALSE,2019-07-22
2016-07-22,"PRB",37.9897802792663,"swim",FALSE,2019-07-22
2016-07-22,"WBO",11.4869835499704,"swim",FALSE,2019-07-22
2016-07-23,"BRT",27.0192007704123,"swim",FALSE,2019-07-23
2016-07-23,"MNY",11.4869835499704,"swim",FALSE,2019-07-23
2016-07-23,"PEB",56.2192981908252,"swim",FALSE,2019-07-23
2016-07-23,"PRB",40.0721312455325,"swim",FALSE,2019-07-23
2016-07-23,"WBO",17.4110112659225,"swim",FALSE,2019-07-23
2016-07-24,"BRT",35.9443181873802,"swim",FALSE,2019-07-24
2016-07-24,"MNY",10,"swim",FALSE,2019-07-24
2016-07-24,"PEB",29.3015605158352,"swim",FALSE,2019-07-24
2016-07-24,"PRB",20.9127910518255,"swim",FALSE,2019-07-24
2016-07-24,"WBO",100.408646484963,"swim",FALSE,2019-07-24
2016-07-25,"BRT",13.1950791077289,"swim",FALSE,2019-07-25
2016-07-25,"MNY",10,"swim",FALSE,2019-07-25
2016-07-25,"PEB",23.5215804504935,"swim",FALSE,2019-07-25
2016-07-25,"PRB",23.5215804504935,"swim",FALSE,2019-07-25
2016-07-25,"WBO",10,"swim",FALSE,2019-07-25
2016-07-26,"BRT",10,"swim",FALSE,2019-07-26
2016-07-26,"MNY",134.824724545978,"swim",FALSE,2019-07-26
2016-07-26,"PEB",69.9941681245545,"swim",FALSE,2019-07-26
2016-07-26,"PRB",31.3758727412686,"swim",FALSE,2019-07-26
2016-07-26,"WBO",72.5935617980741,"swim",FALSE,2019-07-26
2016-07-27,"BRT",47.679110069098,"swim",FALSE,2019-07-27
2016-07-27,"MNY",35.1948202893552,"swim",FALSE,2019-07-27
2016-07-27,"PEB",232.96395198671,"no swim",FALSE,2019-07-27
2016-07-27,"PRB",133.660024863915,"swim",FALSE,2019-07-27
2016-07-27,"WBO",132.380778133789,"swim",FALSE,2019-07-27
2016-07-28,"BRT",26.3071686525871,"swim",FALSE,2019-07-28
2016-07-28,"MNY",25.5084900125158,"swim",FALSE,2019-07-28
2016-07-28,"PEB",37.2791927319135,"swim",FALSE,2019-07-28
2016-07-28,"PRB",58.5526699330413,"swim",FALSE,2019-07-28
2016-07-28,"WBO",39.8742113447093,"swim",FALSE,2019-07-28
2016-07-29,"BRT",20.4767251107922,"swim",FALSE,2019-07-29
2016-07-29,"MNY",81.7355455934512,"swim",FALSE,2019-07-29
2016-07-29,"PEB",65.7842823944086,"swim",FALSE,2019-07-29
2016-07-29,"PRB",391.190006096404,"no swim",FALSE,2019-07-29
2016-07-29,"WBO",18.881750225898,"swim",FALSE,2019-07-29
2016-07-30,"BRT",13.1950791077289,"swim",FALSE,2019-07-30
2016-07-30,"MNY",121.622210300323,"swim",FALSE,2019-07-30
2016-07-30,"PEB",22.6793315526605,"swim",FALSE,2019-07-30
2016-07-30,"PRB",51.1363445182851,"swim",FALSE,2019-07-30
2016-07-30,"WBO",39.8742113447093,"swim",FALSE,2019-07-30
2016-07-31,"BRT",10,"swim",FALSE,2019-07-31
2016-07-31,"MNY",16.4375182951723,"swim",FALSE,2019-07-31
2016-07-31,"PEB",16.4375182951723,"swim",FALSE,2019-07-31
2016-07-31,"PRB",28.6193816221051,"swim",FALSE,2019-07-31
2016-07-31,"WBO",21.689435423954,"swim",FALSE,2019-07-31
2016-08-01,"BRT",67.5263727182882,"swim",FALSE,2019-08-01
2016-08-01,"MNY",24.9146187923103,"swim",FALSE,2019-08-01
2016-08-01,"PEB",88.2575556138233,"swim",FALSE,2019-08-01
2016-08-01,"PRB",37.4434246110972,"swim",FALSE,2019-08-01
2016-08-01,"WBO",14.3096908110526,"swim",FALSE,2019-08-01
2016-08-02,"BRT",55.0156321196687,"swim",FALSE,2019-08-02
2016-08-02,"MNY",12.4573093961552,"swim",FALSE,2019-08-02
2016-08-02,"PEB",34.460950649911,"swim",FALSE,2019-08-02
2016-08-02,"PRB",27.640337020476,"swim",FALSE,2019-08-02
2016-08-02,"WBO",11.4869835499704,"swim",FALSE,2019-08-02
2016-08-03,"BRT",132.722851890107,"swim",FALSE,2019-08-03
2016-08-03,"MNY",55.9279908079453,"swim",FALSE,2019-08-03
2016-08-03,"PEB",12.4573093961552,"swim",FALSE,2019-08-03
2016-08-03,"PRB",37.5627408139146,"swim",FALSE,2019-08-03
2016-08-03,"WBO",29.9255573947769,"swim",FALSE,2019-08-03
2016-08-04,"BRT",14.3096908110526,"swim",FALSE,2019-08-04
2016-08-04,"MNY",12.4573093961552,"swim",FALSE,2019-08-04
2016-08-04,"PEB",21.689435423954,"swim",FALSE,2019-08-04
2016-08-04,"PRB",22.2837185598548,"swim",FALSE,2019-08-04
2016-08-04,"WBO",18.881750225898,"swim",FALSE,2019-08-04
2016-08-05,"BRT",80.8564643415972,"swim",FALSE,2019-08-05
2016-08-05,"MNY",81.9495159191191,"swim",FALSE,2019-08-05
2016-08-05,"PEB",10,"swim",FALSE,2019-08-05
2016-08-05,"PRB",318.112867036339,"no swim",FALSE,2019-08-05
2016-08-05,"WBO",15.5184557391536,"swim",FALSE,2019-08-05
2016-08-06,"BRT",14.3096908110526,"swim",FALSE,2019-08-06
2016-08-06,"MNY",74.5971775688321,"swim",FALSE,2019-08-06
2016-08-06,"PEB",22.2064303492292,"swim",FALSE,2019-08-06
2016-08-06,"PRB",41.4672114007659,"swim",FALSE,2019-08-06
2016-08-06,"WBO",49.6725387648724,"swim",FALSE,2019-08-06
2016-08-07,"BRT",27.7649431673408,"swim",FALSE,2019-08-07
2016-08-07,"MNY",15.5184557391536,"swim",FALSE,2019-08-07
2016-08-07,"PEB",18.881750225898,"swim",FALSE,2019-08-07
2016-08-07,"PRB",33.658654363386,"swim",FALSE,2019-08-07
2016-08-07,"WBO",36.8010961408917,"swim",FALSE,2019-08-07
2016-08-08,"BRT",98.7869237830288,"swim",FALSE,2019-08-08
2016-08-08,"MNY",18.881750225898,"swim",FALSE,2019-08-08
2016-08-08,"PEB",11.4869835499704,"swim",FALSE,2019-08-08
2016-08-08,"PRB",18.881750225898,"swim",FALSE,2019-08-08
2016-08-08,"WBO",37.0697458059535,"swim",FALSE,2019-08-08
2016-08-09,"BRT",29.9255573947769,"swim",FALSE,2019-08-09
2016-08-09,"MNY",10,"swim",FALSE,2019-08-09
2016-08-09,"PEB",43.8432765486578,"swim",FALSE,2019-08-09
2016-08-09,"PRB",30.7249141860343,"swim",FALSE,2019-08-09
2016-08-09,"WBO",49.0355005215374,"swim",FALSE,2019-08-09
2016-08-10,"BRT",58.2738691715238,"swim",FALSE,2019-08-10
2016-08-10,"MNY",79.4615504222186,"swim",FALSE,2019-08-10
2016-08-10,"PEB",62.2666025171974,"swim",FALSE,2019-08-10
2016-08-10,"PRB",20.2293417073466,"swim",FALSE,2019-08-10
2016-08-10,"WBO",41.1226851224625,"swim",FALSE,2019-08-10
2016-08-11,"BRT",21.8672414788656,"swim",FALSE,2019-08-11
2016-08-11,"MNY",166.645712064852,"swim",FALSE,2019-08-11
2016-08-11,"PEB",14.3096908110526,"swim",FALSE,2019-08-11
2016-08-11,"PRB",34.5522630865558,"swim",FALSE,2019-08-11
2016-08-11,"WBO",75.600614104693,"swim",FALSE,2019-08-11
2016-08-12,"BRT",55.0156321196687,"swim",FALSE,2019-08-12
2016-08-12,"MNY",67.4878522295951,"swim",FALSE,2019-08-12
2016-08-12,"PEB",13.1950791077289,"swim",FALSE,2019-08-12
2016-08-12,"PRB",29.3570896606199,"swim",FALSE,2019-08-12
2016-08-12,"WBO",22.2064303492292,"swim",FALSE,2019-08-12
2016-08-13,"BRT",20,"swim",FALSE,2019-08-13
2016-08-13,"MNY",24.0224886796286,"swim",FALSE,2019-08-13
2016-08-13,"PEB",124.983957482731,"swim",FALSE,2019-08-13
2016-08-13,"PRB",46.1575284646925,"swim",FALSE,2019-08-13
2016-08-13,"WBO",30.2190013558563,"swim",FALSE,2019-08-13
2016-08-14,"BRT",55.7303604546244,"no swim",FALSE,2019-08-14
2016-08-14,"MNY",281.934765755024,"no swim",FALSE,2019-08-14
2016-08-14,"PEB",46.1789292741588,"no swim",FALSE,2019-08-14
2016-08-14,"PRB",59.6629000083781,"no swim",FALSE,2019-08-14
2016-08-14,"WBO",66.9987582662286,"no swim",FALSE,2019-08-14
2016-08-15,"BRT",88.0489065752637,"swim",FALSE,2019-08-15
2016-08-15,"MNY",664.307697321473,"no swim",FALSE,2019-08-15
2016-08-15,"PEB",416.521851149751,"no swim",FALSE,2019-08-15
2016-08-15,"PRB",288.858012140823,"no swim",FALSE,2019-08-15
2016-08-15,"WBO",220.766176773695,"no swim",FALSE,2019-08-15
2016-08-16,"BRT",48.5160966864693,"swim",FALSE,2019-08-16
2016-08-16,"MNY",1000,"no swim",FALSE,2019-08-16
2016-08-16,"PEB",127.923810338682,"no swim",FALSE,2019-08-16
2016-08-16,"PRB",581.731106691809,"no swim",FALSE,2019-08-16
2016-08-16,"WBO",86.1738083284986,"swim",FALSE,2019-08-16
2016-08-17,"BRT",14.3096908110526,"swim",FALSE,2019-08-17
2016-08-17,"MNY",236.496411906716,"no swim",FALSE,2019-08-17
2016-08-17,"PEB",134.987030876183,"no swim",FALSE,2019-08-17
2016-08-17,"PRB",401.678992062895,"no swim",FALSE,2019-08-17
2016-08-17,"WBO",14.3096908110526,"swim",FALSE,2019-08-17
2016-08-18,"BRT",31.6978638492223,"swim",FALSE,2019-08-18
2016-08-18,"MNY",340.720078951742,"no swim",FALSE,2019-08-18
2016-08-18,"PEB",219.01074582047,"no swim",FALSE,2019-08-18
2016-08-18,"PRB",213.507155171642,"no swim",FALSE,2019-08-18
2016-08-18,"WBO",89.2722769269776,"swim",FALSE,2019-08-18
2016-08-19,"BRT",17.82602457966,"swim",FALSE,2019-08-19
2016-08-19,"MNY",222.866310073078,"no swim",FALSE,2019-08-19
2016-08-19,"PEB",309.159663850226,"no swim",FALSE,2019-08-19
2016-08-19,"PRB",758.271599245397,"no swim",FALSE,2019-08-19
2016-08-19,"WBO",51.4352079675504,"swim",FALSE,2019-08-19
2016-08-20,"BRT",26.0517108469735,"swim",FALSE,2019-08-20
2016-08-20,"MNY",575.493335422834,"no swim",FALSE,2019-08-20
2016-08-20,"PEB",106.129182907559,"no swim",FALSE,2019-08-20
2016-08-20,"PRB",806.192393511288,"no swim",FALSE,2019-08-20
2016-08-20,"WBO",23.5215804504935,"swim",FALSE,2019-08-20
2016-08-21,"BRT",10,"swim",FALSE,2019-08-21
2016-08-21,"MNY",70.3896405787105,"swim",FALSE,2019-08-21
2016-08-21,"PEB",203.181530588767,"no swim",FALSE,2019-08-21
2016-08-21,"PRB",193.318204493176,"no swim",FALSE,2019-08-21
2016-08-21,"WBO",33.658654363386,"swim",FALSE,2019-08-21
2016-08-22,"BRT",23,"swim",FALSE,2019-08-22
2016-08-22,"MNY",187.60259973664,"swim",FALSE,2019-08-22
2016-08-22,"PEB",64.2161889253264,"swim",FALSE,2019-08-22
2016-08-22,"PRB",94.5593240657665,"swim",FALSE,2019-08-22
2016-08-22,"WBO",82.3186728303538,"swim",FALSE,2019-08-22
2016-08-23,"BRT",95.0935915476668,"swim",FALSE,2019-08-23
2016-08-23,"MNY",80.7438504443146,"swim",FALSE,2019-08-23
2016-08-23,"PEB",108.29637823665,"swim",FALSE,2019-08-23
2016-08-23,"PRB",127.909936452695,"swim",FALSE,2019-08-23
2016-08-23,"WBO",65.5433078484224,"swim",FALSE,2019-08-23
2016-08-24,"BRT",17.82602457966,"swim",FALSE,2019-08-24
2016-08-24,"MNY",129.038217851042,"no swim",FALSE,2019-08-24
2016-08-24,"PEB",38.9805984091619,"swim",FALSE,2019-08-24
2016-08-24,"PRB",76.762388051356,"swim",FALSE,2019-08-24
2016-08-24,"WBO",47.2375607532337,"swim",FALSE,2019-08-24
2016-08-25,"BRT",14.3096908110526,"swim",FALSE,2019-08-25
2016-08-25,"MNY",187.678490780785,"no swim",FALSE,2019-08-25
2016-08-25,"PEB",34.3754385517496,"swim",FALSE,2019-08-25
2016-08-25,"PRB",56.1389452257219,"swim",FALSE,2019-08-25
2016-08-25,"WBO",41.9296271262948,"swim",FALSE,2019-08-25
2016-08-26,"BRT",11.4869835499704,"swim",FALSE,2019-08-26
2016-08-26,"MNY",199.511216740862,"no swim",FALSE,2019-08-26
2016-08-26,"PEB",18.2056420302608,"swim",FALSE,2019-08-26
2016-08-26,"PRB",89.6912688495888,"swim",FALSE,2019-08-26
2016-08-26,"WBO",32.8750365903445,"swim",FALSE,2019-08-26
2016-08-27,"BRT",20.4767251107922,"swim",FALSE,2019-08-27
2016-08-27,"MNY",31.6978638492223,"swim",FALSE,2019-08-27
2016-08-27,"PEB",100.926665919323,"swim",FALSE,2019-08-27
2016-08-27,"PRB",59.0456045379102,"swim",FALSE,2019-08-27
2016-08-27,"WBO",364.609465235348,"no swim",FALSE,2019-08-27
2016-08-28,"BRT",22.2064303492292,"swim",FALSE,2019-08-28
2016-08-28,"MNY",26.8673978978566,"swim",FALSE,2019-08-28
2016-08-28,"PEB",95.3794959591757,"swim",FALSE,2019-08-28
2016-08-28,"PRB",36.7683257450509,"swim",FALSE,2019-08-28
2016-08-28,"WBO",65.5433078484224,"swim",FALSE,2019-08-28
2017-06-17,"BRT",29.9255573947769,"swim",FALSE,2019-06-17
2017-06-17,"MNY",31.0369114783072,"swim",FALSE,2019-06-17
2017-06-17,"PEB",NA,"closed",FALSE,2019-06-17
2017-06-17,"PRB",NA,"closed",FALSE,2019-06-17
2017-06-17,"WBO",52.318732427428,"swim",FALSE,2019-06-17
2017-06-18,"BRT",16.0947691199965,"swim",FALSE,2019-06-18
2017-06-18,"MNY",87.9501878170954,"swim",FALSE,2019-06-18
2017-06-18,"PEB",NA,"closed",FALSE,2019-06-18
2017-06-18,"PRB",NA,"closed",FALSE,2019-06-18
2017-06-18,"WBO",31.7767152314644,"swim",FALSE,2019-06-18
2017-06-19,"BRT",9.38740393359569,"swim",FALSE,2019-06-19
2017-06-19,"MNY",71.0798671525346,"swim",FALSE,2019-06-19
2017-06-19,"PEB",NA,"closed",FALSE,2019-06-19
2017-06-19,"PRB",NA,"closed",FALSE,2019-06-19
2017-06-19,"WBO",9.58731515514183,"swim",FALSE,2019-06-19
2017-06-20,"BRT",15.157165665104,"swim",FALSE,2019-06-20
2017-06-20,"MNY",34.7125171471254,"swim",FALSE,2019-06-20
2017-06-20,"PEB",NA,"closed",FALSE,2019-06-20
2017-06-20,"PRB",NA,"closed",FALSE,2019-06-20
2017-06-20,"WBO",148.61710574787,"swim",FALSE,2019-06-20
2017-06-21,"BRT",65.1750637063128,"swim",FALSE,2019-06-21
2017-06-21,"MNY",27.0192007704123,"swim",FALSE,2019-06-21
2017-06-21,"PEB",NA,"closed",FALSE,2019-06-21
2017-06-21,"PRB",NA,"closed",FALSE,2019-06-21
2017-06-21,"WBO",65.5433078484224,"swim",FALSE,2019-06-21
2017-06-22,"BRT",16.0947691199965,"swim",FALSE,2019-06-22
2017-06-22,"MNY",23.5215804504935,"swim",FALSE,2019-06-22
2017-06-22,"PEB",24.5950948584936,"swim",FALSE,2019-06-22
2017-06-22,"PRB",NA,"closed",FALSE,2019-06-22
2017-06-22,"WBO",364.766475346235,"no swim",FALSE,2019-06-22
2017-06-23,"BRT",35.0369896210177,"swim",FALSE,2019-06-23
2017-06-23,"MNY",16.0947691199965,"swim",FALSE,2019-06-23
2017-06-23,"PEB",11.2474611314209,"swim",FALSE,2019-06-23
2017-06-23,"PRB",NA,"closed",FALSE,2019-06-23
2017-06-23,"WBO",76.8928313631704,"swim",FALSE,2019-06-23
2017-06-24,"BRT",9.48683298050514,"swim",FALSE,2019-06-24
2017-06-24,"MNY",150.526659098647,"swim",FALSE,2019-06-24
2017-06-24,"PEB",23.7352381429536,"swim",FALSE,2019-06-24
2017-06-24,"PRB",133.320726783015,"swim",FALSE,2019-06-24
2017-06-24,"WBO",52.2330337977674,"swim",FALSE,2019-06-24
2017-06-25,"BRT",53.345372167932,"swim",FALSE,2019-06-25
2017-06-25,"MNY",151.837112393387,"no swim",FALSE,2019-06-25
2017-06-25,"PEB",29.3015605158352,"swim",FALSE,2019-06-25
2017-06-25,"PRB",99.6973738833433,"no swim",FALSE,2019-06-25
2017-06-25,"WBO",373.996253795728,"no swim",FALSE,2019-06-25
2017-06-26,"BRT",100.556961232845,"swim",FALSE,2019-06-26
2017-06-26,"MNY",37.2791927319135,"swim",FALSE,2019-06-26
2017-06-26,"PEB",22.9739670999407,"swim",FALSE,2019-06-26
2017-06-26,"PRB",38.4464156815852,"swim",FALSE,2019-06-26
2017-06-26,"WBO",85.2398158403826,"swim",FALSE,2019-06-26
2017-06-27,"BRT",143.956546714034,"no swim",FALSE,2019-06-27
2017-06-27,"MNY",107.513036058439,"swim",FALSE,2019-06-27
2017-06-27,"PEB",84.9928988028057,"swim",FALSE,2019-06-27
2017-06-27,"PRB",574.655055909716,"no swim",FALSE,2019-06-27
2017-06-27,"WBO",194.140133992507,"swim",FALSE,2019-06-27
2017-06-28,"BRT",27.5945932292243,"swim",FALSE,2019-06-28
2017-06-28,"MNY",72.9783548914453,"swim",FALSE,2019-06-28
2017-06-28,"PEB",93.7904470044559,"swim",FALSE,2019-06-28
2017-06-28,"PRB",104.320571114808,"swim",FALSE,2019-06-28
2017-06-28,"WBO",45.216022974376,"swim",FALSE,2019-06-28
2017-06-29,"BRT",133.750448710973,"swim",FALSE,2019-06-29
2017-06-29,"MNY",142.322867846622,"swim",FALSE,2019-06-29
2017-06-29,"PEB",58.845290942271,"swim",FALSE,2019-06-29
2017-06-29,"PRB",43,"no swim",FALSE,2019-06-29
2017-06-29,"WBO",20.4767251107922,"swim",FALSE,2019-06-29
2017-06-30,"BRT",12.3867537520001,"no swim",TRUE,2019-06-30
2017-06-30,"MNY",70.6805167755078,"no swim",TRUE,2019-06-30
2017-06-30,"PEB",21.4112736833832,"no swim",TRUE,2019-06-30
2017-06-30,"PRB",72,"no swim",TRUE,2019-06-30
2017-06-30,"WBO",37.7635004517961,"no swim",TRUE,2019-06-30
2017-07-01,"BRT",31.0369114783072,"swim",FALSE,2019-07-01
2017-07-01,"MNY",992.662255036208,"no swim",FALSE,2019-07-01
2017-07-01,"PEB",203.941549802997,"no swim",FALSE,2019-07-01
2017-07-01,"PRB",201.881755236969,"no swim",FALSE,2019-07-01
2017-07-01,"WBO",126.216697100553,"no swim",TRUE,2019-07-01
2017-07-02,"BRT",25.1188643150958,"swim",FALSE,2019-07-02
2017-07-02,"MNY",207.029226692717,"no swim",FALSE,2019-07-02
2017-07-02,"PEB",59.5488209707544,"no swim",TRUE,2019-07-02
2017-07-02,"PRB",177.26520247105,"no swim",TRUE,2019-07-02
2017-07-02,"WBO",99.0326654369393,"no swim",TRUE,2019-07-02
2017-07-03,"BRT",163.383615867779,"swim",FALSE,2019-07-03
2017-07-03,"MNY",554.062130421977,"no swim",FALSE,2019-07-03
2017-07-03,"PEB",98.3033993870647,"swim",FALSE,2019-07-03
2017-07-03,"PRB",990.585537560492,"no swim",FALSE,2019-07-03
2017-07-03,"WBO",678.328284915645,"no swim",FALSE,2019-07-03
2017-07-04,"BRT",150.221566697302,"no swim",FALSE,2019-07-04
2017-07-04,"MNY",299.903938500951,"no swim",FALSE,2019-07-04
2017-07-04,"PEB",255.393880446226,"no swim",FALSE,2019-07-04
2017-07-04,"PRB",433.927567496677,"no swim",FALSE,2019-07-04
2017-07-04,"WBO",201.234661708556,"no swim",FALSE,2019-07-04
2017-07-05,"BRT",22.2064303492292,"swim",FALSE,2019-07-05
2017-07-05,"MNY",85.2329955637838,"swim",FALSE,2019-07-05
2017-07-05,"PEB",165.70944092917,"no swim",FALSE,2019-07-05
2017-07-05,"PRB",135.311469068324,"no swim",FALSE,2019-07-05
2017-07-05,"WBO",52.6612307283979,"swim",FALSE,2019-07-05
2017-07-06,"BRT",11.9432151166049,"swim",FALSE,2019-07-06
2017-07-06,"MNY",120.062434997374,"swim",FALSE,2019-07-06
2017-07-06,"PEB",95.6017541862425,"swim",FALSE,2019-07-06
2017-07-06,"PRB",60.4380027117127,"swim",FALSE,2019-07-06
2017-07-06,"WBO",44.1633344489691,"swim",FALSE,2019-07-06
2017-07-07,"BRT",14.011310323534,"swim",FALSE,2019-07-07
2017-07-07,"MNY",127.474354748754,"no swim",FALSE,2019-07-07
2017-07-07,"PEB",15.5184557391536,"swim",FALSE,2019-07-07
2017-07-07,"PRB",41.8255821036509,"swim",FALSE,2019-07-07
2017-07-07,"WBO",24.0224886796286,"swim",FALSE,2019-07-07
2017-07-08,"BRT",12.6505381902825,"swim",FALSE,2019-07-08
2017-07-08,"MNY",46.4398437900346,"swim",FALSE,2019-07-08
2017-07-08,"PEB",11.9432151166049,"swim",FALSE,2019-07-08
2017-07-08,"PRB",35.9443181873802,"swim",FALSE,2019-07-08
2017-07-08,"WBO",145.219516978132,"swim",FALSE,2019-07-08
2017-07-09,"BRT",866.139211684507,"no swim",FALSE,2019-07-09
2017-07-09,"MNY",418.403413422966,"no swim",FALSE,2019-07-09
2017-07-09,"PEB",19.6316816982371,"no swim",TRUE,2019-07-09
2017-07-09,"PRB",67.5954889047086,"no swim",TRUE,2019-07-09
2017-07-09,"WBO",370.69805117357,"no swim",FALSE,2019-07-09
2017-07-10,"BRT",66.2890803467997,"swim",FALSE,2019-07-10
2017-07-10,"MNY",196.952533850909,"no swim",FALSE,2019-07-10
2017-07-10,"PEB",46.4398437900346,"swim",FALSE,2019-07-10
2017-07-10,"PRB",152.750589911793,"swim",FALSE,2019-07-10
2017-07-10,"WBO",89.923968583224,"swim",FALSE,2019-07-10
2017-07-11,"BRT",16.4375182951723,"swim",FALSE,2019-07-11
2017-07-11,"MNY",350.43849406573,"no swim",FALSE,2019-07-11
2017-07-11,"PEB",20.0497518587481,"swim",FALSE,2019-07-11
2017-07-11,"PRB",24.2580483432347,"swim",FALSE,2019-07-11
2017-07-11,"WBO",78.6003085596623,"swim",FALSE,2019-07-11
2017-07-12,"BRT",11.2474611314209,"swim",FALSE,2019-07-12
2017-07-12,"MNY",423.358010554546,"no swim",FALSE,2019-07-12
2017-07-12,"PEB",16.5987012738289,"swim",FALSE,2019-07-12
2017-07-12,"PRB",66.4539805948974,"no swim",FALSE,2019-07-12
2017-07-12,"WBO",53.345372167932,"swim",FALSE,2019-07-12
2017-07-13,"BRT",11.2474611314209,"swim",FALSE,2019-07-13
2017-07-13,"MNY",621.490772062141,"no swim",FALSE,2019-07-13
2017-07-13,"PEB",90.6463423003604,"swim",FALSE,2019-07-13
2017-07-13,"PRB",331.52219187354,"no swim",FALSE,2019-07-13
2017-07-13,"WBO",151.046625403115,"swim",FALSE,2019-07-13
2017-07-14,"BRT",9.58731515514183,"swim",FALSE,2019-07-14
2017-07-14,"MNY",286.856746700188,"no swim",FALSE,2019-07-14
2017-07-14,"PEB",31.0369114783072,"swim",FALSE,2019-07-14
2017-07-14,"PRB",61.3795320851649,"swim",FALSE,2019-07-14
2017-07-14,"WBO",27.0192007704123,"swim",FALSE,2019-07-14
2017-07-15,"BRT",43.1735988376655,"swim",FALSE,2019-07-15
2017-07-15,"MNY",147.61608753382,"no swim",FALSE,2019-07-15
2017-07-15,"PEB",24.9765962220562,"swim",FALSE,2019-07-15
2017-07-15,"PRB",93.9778564015824,"swim",FALSE,2019-07-15
2017-07-15,"WBO",13.1950791077289,"swim",FALSE,2019-07-15
2017-07-16,"BRT",45.8034409784716,"swim",FALSE,2019-07-16
2017-07-16,"MNY",505.758489630189,"no swim",FALSE,2019-07-16
2017-07-16,"PEB",30.6388706280041,"swim",FALSE,2019-07-16
2017-07-16,"PRB",31.4155223581855,"swim",FALSE,2019-07-16
2017-07-16,"WBO",81.6493264715243,"swim",FALSE,2019-07-16
2017-07-17,"BRT",67.9819039018572,"swim",FALSE,2019-07-17
2017-07-17,"MNY",93.2635010227989,"swim",FALSE,2019-07-17
2017-07-17,"PEB",173.06383442446,"swim",FALSE,2019-07-17
2017-07-17,"PRB",110.710521182839,"swim",FALSE,2019-07-17
2017-07-17,"WBO",75.9066994795452,"swim",FALSE,2019-07-17
2017-07-18,"BRT",16.5987012738289,"swim",FALSE,2019-07-18
2017-07-18,"MNY",40.1203671542401,"swim",FALSE,2019-07-18
2017-07-18,"PEB",263.49126072654,"no swim",FALSE,2019-07-18
2017-07-18,"PRB",29.9255573947769,"swim",FALSE,2019-07-18
2017-07-18,"WBO",16.0947691199965,"swim",FALSE,2019-07-18
2017-07-19,"BRT",118.941561887532,"swim",FALSE,2019-07-19
2017-07-19,"MNY",56.5985521387771,"swim",FALSE,2019-07-19
2017-07-19,"PEB",157.623173998105,"no swim",FALSE,2019-07-19
2017-07-19,"PRB",53.7826878466285,"swim",FALSE,2019-07-19
2017-07-19,"WBO",16.4375182951723,"swim",FALSE,2019-07-19
2017-07-20,"BRT",63.0755308785705,"swim",FALSE,2019-07-20
2017-07-20,"MNY",24.0224886796286,"swim",FALSE,2019-07-20
2017-07-20,"PEB",454.546432112159,"no swim",FALSE,2019-07-20
2017-07-20,"PRB",73.6021922817833,"swim",FALSE,2019-07-20
2017-07-20,"WBO",11.4869835499704,"swim",FALSE,2019-07-20
2017-07-21,"BRT",26.0517108469735,"swim",FALSE,2019-07-21
2017-07-21,"MNY",61.5811112442426,"swim",FALSE,2019-07-21
2017-07-21,"PEB",20.4767251107922,"swim",FALSE,2019-07-21
2017-07-21,"PRB",33.2269902974487,"swim",FALSE,2019-07-21
2017-07-21,"WBO",10,"swim",FALSE,2019-07-21
2017-07-22,"BRT",71.7442805179258,"swim",FALSE,2019-07-22
2017-07-22,"MNY",24.9146187923103,"swim",FALSE,2019-07-22
2017-07-22,"PEB",66.8642215210056,"swim",FALSE,2019-07-22
2017-07-22,"PRB",24.0224886796286,"swim",FALSE,2019-07-22
2017-07-22,"WBO",37.7635004517961,"swim",FALSE,2019-07-22
2017-07-23,"BRT",32.8750365903445,"swim",FALSE,2019-07-23
2017-07-23,"MNY",26.4558061866516,"swim",FALSE,2019-07-23
2017-07-23,"PEB",84.9928988028057,"swim",FALSE,2019-07-23
2017-07-23,"PRB",40.723360092808,"swim",FALSE,2019-07-23
2017-07-23,"WBO",35.9443181873802,"swim",FALSE,2019-07-23
2017-07-24,"BRT",16.4375182951723,"no swim",TRUE,2019-07-24
2017-07-24,"MNY",12.1975540946693,"no swim",TRUE,2019-07-24
2017-07-24,"PEB",123.855301271859,"no swim",TRUE,2019-07-24
2017-07-24,"PRB",65.108422397461,"no swim",TRUE,2019-07-24
2017-07-24,"WBO",112.653997571092,"no swim",TRUE,2019-07-24
2017-07-25,"BRT",15.1948705233635,"no swim",TRUE,2019-07-25
2017-07-25,"MNY",226.770087133433,"no swim",TRUE,2019-07-25
2017-07-25,"PEB",981.616398309724,"no swim",TRUE,2019-07-25
2017-07-25,"PRB",1000,"no swim",TRUE,2019-07-25
2017-07-25,"WBO",72.2680170082046,"no swim",TRUE,2019-07-25
2017-07-26,"BRT",30.2190013558563,"swim",FALSE,2019-07-26
2017-07-26,"MNY",611.31510364253,"no swim",FALSE,2019-07-26
2017-07-26,"PEB",87.5644265046679,"swim",FALSE,2019-07-26
2017-07-26,"PRB",620.739264126411,"no swim",FALSE,2019-07-26
2017-07-26,"WBO",81.6996651820807,"swim",FALSE,2019-07-26
2017-07-27,"BRT",69.1752974804457,"swim",FALSE,2019-07-27
2017-07-27,"MNY",543.556486530444,"no swim",FALSE,2019-07-27
2017-07-27,"PEB",204.008838468883,"no swim",FALSE,2019-07-27
2017-07-27,"PRB",366.36808164531,"no swim",FALSE,2019-07-27
2017-07-27,"WBO",85.5175861910606,"swim",FALSE,2019-07-27
2017-07-28,"BRT",12.682007579739,"swim",FALSE,2019-07-28
2017-07-28,"MNY",184.344799007811,"no swim",FALSE,2019-07-28
2017-07-28,"PEB",92.4105742553433,"swim",FALSE,2019-07-28
2017-07-28,"PRB",211.945299015707,"no swim",FALSE,2019-07-28
2017-07-28,"WBO",15.157165665104,"swim",FALSE,2019-07-28
2017-07-29,"BRT",21.689435423954,"swim",FALSE,2019-07-29
2017-07-29,"MNY",37.3719281884655,"swim",FALSE,2019-07-29
2017-07-29,"PEB",59.6629000083781,"swim",FALSE,2019-07-29
2017-07-29,"PRB",41.2891791733337,"swim",FALSE,2019-07-29
2017-07-29,"WBO",29.9255573947769,"swim",FALSE,2019-07-29
2017-07-30,"BRT",17.82602457966,"swim",FALSE,2019-07-30
2017-07-30,"MNY",41.2891791733337,"swim",FALSE,2019-07-30
2017-07-30,"PEB",29.9255573947769,"swim",FALSE,2019-07-30
2017-07-30,"PRB",41.2891791733337,"swim",FALSE,2019-07-30
2017-07-30,"WBO",18.1690842210293,"swim",FALSE,2019-07-30
2017-07-31,"BRT",11.0129331475496,"swim",FALSE,2019-07-31
2017-07-31,"MNY",40.4282321707986,"swim",FALSE,2019-07-31
2017-07-31,"PEB",12.6505381902825,"swim",FALSE,2019-07-31
2017-07-31,"PRB",38.6636408986353,"swim",FALSE,2019-07-31
2017-07-31,"WBO",11.2474611314209,"swim",FALSE,2019-07-31
2017-08-01,"BRT",32.0086866888094,"swim",FALSE,2019-08-01
2017-08-01,"MNY",167.379862577367,"swim",FALSE,2019-08-01
2017-08-01,"PEB",44.7769492694043,"swim",FALSE,2019-08-01
2017-08-01,"PRB",36.5018605135923,"swim",FALSE,2019-08-01
2017-08-01,"WBO",46.7788567485604,"swim",FALSE,2019-08-01
2017-08-02,"BRT",14.8411139390206,"swim",FALSE,2019-08-02
2017-08-02,"MNY",22.9739670999407,"swim",FALSE,2019-08-02
2017-08-02,"PEB",18.1025290096355,"swim",FALSE,2019-08-02
2017-08-02,"PRB",48.6667706961394,"swim",FALSE,2019-08-02
2017-08-02,"WBO",16.0947691199965,"swim",FALSE,2019-08-02
2017-08-03,"BRT",46.1789292741588,"swim",FALSE,2019-08-03
2017-08-03,"MNY",25.5084900125158,"swim",FALSE,2019-08-03
2017-08-03,"PEB",72.0674660388859,"swim",FALSE,2019-08-03
2017-08-03,"PRB",68.1885226667881,"swim",FALSE,2019-08-03
2017-08-03,"WBO",56.5046900098953,"swim",FALSE,2019-08-03
2017-08-04,"BRT",53.0456600927507,"swim",FALSE,2019-08-04
2017-08-04,"MNY",93.5577134971208,"swim",FALSE,2019-08-04
2017-08-04,"PEB",100.688065930204,"swim",FALSE,2019-08-04
2017-08-04,"PRB",58.6031210316704,"swim",FALSE,2019-08-04
2017-08-04,"WBO",130.98404388442,"swim",FALSE,2019-08-04
2017-08-05,"BRT",11.2474611314209,"swim",FALSE,2019-08-05
2017-08-05,"MNY",95.9468958531993,"swim",FALSE,2019-08-05
2017-08-05,"PEB",24.9146187923103,"swim",FALSE,2019-08-05
2017-08-05,"PRB",84.7337692866548,"swim",FALSE,2019-08-05
2017-08-05,"WBO",48.0449773592573,"swim",FALSE,2019-08-05
2017-08-06,"BRT",11.2474611314209,"swim",FALSE,2019-08-06
2017-08-06,"MNY",53.1061456092293,"swim",FALSE,2019-08-06
2017-08-06,"PEB",16.4375182951723,"swim",FALSE,2019-08-06
2017-08-06,"PRB",72.1118973094209,"swim",FALSE,2019-08-06
2017-08-06,"WBO",343.74132185797,"no swim",FALSE,2019-08-06
2017-08-07,"BRT",92.8796875800692,"swim",FALSE,2019-08-07
2017-08-07,"MNY",48.5593374830204,"swim",FALSE,2019-08-07
2017-08-07,"PEB",75.1846294856538,"swim",FALSE,2019-08-07
2017-08-07,"PRB",68.1496244539766,"swim",FALSE,2019-08-07
2017-08-07,"WBO",239.790432944292,"no swim",FALSE,2019-08-07
2017-08-08,"BRT",14.3096908110526,"swim",FALSE,2019-08-08
2017-08-08,"MNY",30.6841276504982,"swim",FALSE,2019-08-08
2017-08-08,"PEB",582.204925129497,"no swim",FALSE,2019-08-08
2017-08-08,"PRB",45.3586631053211,"swim",FALSE,2019-08-08
2017-08-08,"WBO",99.7991951661426,"no swim",FALSE,2019-08-08
2017-08-09,"BRT",24.9146187923103,"swim",FALSE,2019-08-09
2017-08-09,"MNY",39.8742113447093,"swim",FALSE,2019-08-09
2017-08-09,"PEB",24.8362693824362,"swim",FALSE,2019-08-09
2017-08-09,"PRB",38.6636408986353,"swim",FALSE,2019-08-09
2017-08-09,"WBO",49.1901897169873,"swim",FALSE,2019-08-09
2017-08-10,"BRT",74.4883555479736,"swim",FALSE,2019-08-10
2017-08-10,"MNY",121.162444668358,"swim",FALSE,2019-08-10
2017-08-10,"PEB",47.4288121955862,"swim",FALSE,2019-08-10
2017-08-10,"PRB",68.7508771034991,"swim",FALSE,2019-08-10
2017-08-10,"WBO",109.287741626725,"swim",FALSE,2019-08-10
2017-08-11,"BRT",9.19166118840122,"swim",FALSE,2019-08-11
2017-08-11,"MNY",108.523416662624,"no swim",FALSE,2019-08-11
2017-08-11,"PEB",75.600614104693,"swim",FALSE,2019-08-11
2017-08-11,"PRB",40.2010928920309,"swim",FALSE,2019-08-11
2017-08-11,"WBO",60.9334624882746,"swim",FALSE,2019-08-11
2017-08-12,"BRT",96.9834116624087,"swim",FALSE,2019-08-12
2017-08-12,"MNY",25.1589265032998,"swim",FALSE,2019-08-12
2017-08-12,"PEB",73.3053995774637,"swim",FALSE,2019-08-12
2017-08-12,"PRB",65.108422397461,"swim",FALSE,2019-08-12
2017-08-12,"WBO",112.002774747975,"swim",FALSE,2019-08-12
2017-08-13,"BRT",26.3071686525871,"swim",FALSE,2019-08-13
2017-08-13,"MNY",80.6021936935699,"swim",FALSE,2019-08-13
2017-08-13,"PEB",18.4880348121971,"no swim",TRUE,2019-08-13
2017-08-13,"PRB",41.1226851224625,"no swim",TRUE,2019-08-13
2017-08-13,"WBO",33.658654363386,"no swim",TRUE,2019-08-13
2017-08-14,"BRT",337.763738232446,"no swim",FALSE,2019-08-14
2017-08-14,"MNY",218.262012262898,"no swim",FALSE,2019-08-14
2017-08-14,"PEB",95.2121624791535,"swim",FALSE,2019-08-14
2017-08-14,"PRB",177.743873355202,"no swim",FALSE,2019-08-14
2017-08-14,"WBO",122.213681317465,"no swim",FALSE,2019-08-14
2017-08-15,"BRT",24.3951081893387,"swim",FALSE,2019-08-15
2017-08-15,"MNY",66.4539805948974,"swim",FALSE,2019-08-15
2017-08-15,"PEB",99.0210186454332,"swim",FALSE,2019-08-15
2017-08-15,"PRB",231.52659967354,"no swim",FALSE,2019-08-15
2017-08-15,"WBO",168.561683503239,"no swim",FALSE,2019-08-15
2017-08-16,"BRT",21.689435423954,"swim",FALSE,2019-08-16
2017-08-16,"MNY",50.3440329651021,"swim",FALSE,2019-08-16
2017-08-16,"PEB",31.0369114783072,"swim",FALSE,2019-08-16
2017-08-16,"PRB",68.5346750939765,"swim",FALSE,2019-08-16
2017-08-16,"WBO",58.8185794964254,"swim",FALSE,2019-08-16
2017-08-17,"BRT",16.4375182951723,"swim",FALSE,2019-08-17
2017-08-17,"MNY",47.8938895318699,"swim",FALSE,2019-08-17
2017-08-17,"PEB",20.9127910518255,"swim",FALSE,2019-08-17
2017-08-17,"PRB",31.0369114783072,"swim",FALSE,2019-08-17
2017-08-17,"WBO",36.2967808990371,"swim",FALSE,2019-08-17
2017-08-18,"BRT",139.988336249109,"no swim",TRUE,2019-08-18
2017-08-18,"MNY",283.925842580933,"no swim",TRUE,2019-08-18
2017-08-18,"PEB",36.7683257450509,"no swim",TRUE,2019-08-18
2017-08-18,"PRB",44.5253774490114,"no swim",TRUE,2019-08-18
2017-08-18,"WBO",72.0674660388859,"no swim",TRUE,2019-08-18
2017-08-19,"BRT",86.1738083284986,"no swim",TRUE,2019-08-19
2017-08-19,"MNY",498.448889230334,"no swim",TRUE,2019-08-19
2017-08-19,"PEB",695.023452144996,"no swim",TRUE,2019-08-19
2017-08-19,"PRB",122.170080278424,"no swim",TRUE,2019-08-19
2017-08-19,"WBO",23.0311169782427,"no swim",TRUE,2019-08-19
2017-08-20,"BRT",35.9443181873802,"swim",FALSE,2019-08-20
2017-08-20,"MNY",527.802360231575,"no swim",FALSE,2019-08-20
2017-08-20,"PEB",56.5046900098953,"swim",FALSE,2019-08-20
2017-08-20,"PRB",267.917443291319,"no swim",FALSE,2019-08-20
2017-08-20,"WBO",84.9445524126919,"swim",FALSE,2019-08-20
2017-08-21,"BRT",20.4767251107922,"swim",FALSE,2019-08-21
2017-08-21,"MNY",311.637427261043,"no swim",FALSE,2019-08-21
2017-08-21,"PEB",70.9666820762555,"swim",FALSE,2019-08-21
2017-08-21,"PRB",68.9219012998221,"swim",FALSE,2019-08-21
2017-08-21,"WBO",123.061927385959,"swim",FALSE,2019-08-21
2017-08-22,"BRT",21.689435423954,"swim",FALSE,2019-08-22
2017-08-22,"MNY",74.3239204876235,"no swim",TRUE,2019-08-22
2017-08-22,"PEB",35.1948202893552,"no swim",TRUE,2019-08-22
2017-08-22,"PRB",50.3440329651021,"no swim",TRUE,2019-08-22
2017-08-22,"WBO",28.2523450049477,"swim",FALSE,2019-08-22
2017-08-23,"BRT",9.58731515514183,"swim",FALSE,2019-08-23
2017-08-23,"MNY",58.2738691715238,"no swim",TRUE,2019-08-23
2017-08-23,"PEB",1000,"no swim",TRUE,2019-08-23
2017-08-23,"PRB",27.0192007704123,"no swim",TRUE,2019-08-23
2017-08-23,"WBO",19.4729436123034,"swim",FALSE,2019-08-23
2017-08-24,"BRT",326.50274961492,"no swim",FALSE,2019-08-24
2017-08-24,"MNY",233.917668494694,"no swim",FALSE,2019-08-24
2017-08-24,"PEB",71.3040983186401,"swim",FALSE,2019-08-24
2017-08-24,"PRB",937.034427294118,"no swim",FALSE,2019-08-24
2017-08-24,"WBO",1000,"no swim",FALSE,2019-08-24
2017-08-25,"BRT",132.445186586981,"swim",FALSE,2019-08-25
2017-08-25,"MNY",48.913822841296,"swim",FALSE,2019-08-25
2017-08-25,"PEB",226.239051647037,"no swim",FALSE,2019-08-25
2017-08-25,"PRB",263.221841695898,"no swim",FALSE,2019-08-25
2017-08-25,"WBO",24.9146187923103,"swim",FALSE,2019-08-25
2017-08-26,"BRT",51.4352079675504,"swim",FALSE,2019-08-26
2017-08-26,"MNY",63.4649155921835,"swim",FALSE,2019-08-26
2017-08-26,"PEB",58.1624460440399,"swim",FALSE,2019-08-26
2017-08-26,"PRB",38.6636408986353,"swim",FALSE,2019-08-26
2017-08-26,"WBO",27.5945932292243,"swim",FALSE,2019-08-26
2017-08-27,"BRT",19.3318204493176,"swim",FALSE,2019-08-27
2017-08-27,"MNY",62.7383731554764,"swim",FALSE,2019-08-27
2017-08-27,"PEB",29.1369345857619,"swim",FALSE,2019-08-27
2017-08-27,"PRB",33.4695488283209,"swim",FALSE,2019-08-27
2017-08-27,"WBO",14.011310323534,"swim",FALSE,2019-08-27
2018-06-16,"BRT",13.1950791077289,"swim",FALSE,2019-06-16
2018-06-16,"MNY",27.8651802273122,"swim",FALSE,2019-06-16
2018-06-16,"PEB",47.8938895318699,"swim",FALSE,2019-06-16
2018-06-16,"PRB",119.764509649019,"swim",FALSE,2019-06-16
2018-06-16,"WBO",18.881750225898,"swim",FALSE,2019-06-16
2018-06-17,"BRT",261.056433773165,"no swim",FALSE,2019-06-17
2018-06-17,"MNY",22.3685382944029,"swim",FALSE,2019-06-17
2018-06-17,"PEB",32.0086866888094,"swim",FALSE,2019-06-17
2018-06-17,"PRB",49.9839897501586,"swim",FALSE,2019-06-17
2018-06-17,"WBO",18.881750225898,"swim",FALSE,2019-06-17
2018-06-18,"BRT",15.157165665104,"swim",FALSE,2019-06-18
2018-06-18,"MNY",15.157165665104,"swim",FALSE,2019-06-18
2018-06-18,"PEB",26.3071686525871,"swim",FALSE,2019-06-18
2018-06-18,"PRB",32.4534222319921,"swim",FALSE,2019-06-18
2018-06-18,"WBO",13.1950791077289,"swim",FALSE,2019-06-18
2018-06-19,"BRT",16.4375182951723,"swim",FALSE,2019-06-19
2018-06-19,"MNY",16.4375182951723,"swim",FALSE,2019-06-19
2018-06-19,"PEB",20.9127910518255,"swim",FALSE,2019-06-19
2018-06-19,"PRB",35.4517440681049,"swim",FALSE,2019-06-19
2018-06-19,"WBO",36.7683257450509,"swim",FALSE,2019-06-19
2018-06-20,"BRT",16.4375182951723,"swim",FALSE,2019-06-20
2018-06-20,"MNY",22.6793315526605,"swim",FALSE,2019-06-20
2018-06-20,"PEB",32.4534222319921,"swim",FALSE,2019-06-20
2018-06-20,"PRB",139.738403640882,"swim",FALSE,2019-06-20
2018-06-20,"WBO",21.8672414788656,"swim",FALSE,2019-06-20
2018-06-21,"BRT",27.0192007704123,"swim",FALSE,2019-06-21
2018-06-21,"MNY",51.7903171002935,"swim",FALSE,2019-06-21
2018-06-21,"PEB",23.5215804504935,"swim",FALSE,2019-06-21
2018-06-21,"PRB",53.0456600927507,"swim",FALSE,2019-06-21
2018-06-21,"WBO",32.4534222319921,"swim",FALSE,2019-06-21
2018-06-22,"BRT",12.4573093961552,"swim",FALSE,2019-06-22
2018-06-22,"MNY",30.2190013558563,"swim",FALSE,2019-06-22
2018-06-22,"PEB",24.9146187923103,"swim",FALSE,2019-06-22
2018-06-22,"PRB",32.4534222319921,"swim",FALSE,2019-06-22
2018-06-22,"WBO",13.1950791077289,"swim",FALSE,2019-06-22
2018-06-23,"BRT",13.1950791077289,"swim",FALSE,2019-06-23
2018-06-23,"MNY",15.157165665104,"swim",FALSE,2019-06-23
2018-06-23,"PEB",22.6793315526605,"swim",FALSE,2019-06-23
2018-06-23,"PRB",36.4112840605216,"swim",FALSE,2019-06-23
2018-06-23,"WBO",16.4375182951723,"swim",FALSE,2019-06-23
2018-06-24,"BRT",15.157165665104,"swim",FALSE,2019-06-24
2018-06-24,"MNY",18.881750225898,"swim",FALSE,2019-06-24
2018-06-24,"PEB",15.8489319246111,"swim",FALSE,2019-06-24
2018-06-24,"PRB",31.6978638492223,"swim",FALSE,2019-06-24
2018-06-24,"WBO",34.460950649911,"swim",FALSE,2019-06-24
2018-06-25,"BRT",15.8489319246111,"swim",FALSE,2019-06-25
2018-06-25,"MNY",14.3096908110526,"swim",FALSE,2019-06-25
2018-06-25,"PEB",16.4375182951723,"swim",FALSE,2019-06-25
2018-06-25,"PRB",40.8246632357622,"swim",FALSE,2019-06-25
2018-06-25,"WBO",55.3264746889037,"swim",FALSE,2019-06-25
2018-06-26,"BRT",10,"swim",FALSE,2019-06-26
2018-06-26,"MNY",22.6793315526605,"swim",FALSE,2019-06-26
2018-06-26,"PEB",39.2875701740546,"swim",FALSE,2019-06-26
2018-06-26,"PRB",39.4870097166964,"swim",FALSE,2019-06-26
2018-06-26,"WBO",27.5945932292243,"swim",FALSE,2019-06-26
2018-06-27,"BRT",16.4375182951723,"swim",FALSE,2019-06-27
2018-06-27,"MNY",22.9739670999407,"swim",FALSE,2019-06-27
2018-06-27,"PEB",13.7972966146121,"swim",FALSE,2019-06-27
2018-06-27,"PRB",36.5018605135923,"swim",FALSE,2019-06-27
2018-06-27,"WBO",38.4464156815852,"swim",FALSE,2019-06-27
2018-06-28,"BRT",14.3096908110526,"swim",FALSE,2019-06-28
2018-06-28,"MNY",22.6793315526605,"swim",FALSE,2019-06-28
2018-06-28,"PEB",20.9127910518255,"swim",FALSE,2019-06-28
2018-06-28,"PRB",45.3586631053211,"swim",FALSE,2019-06-28
2018-06-28,"WBO",29.9255573947769,"swim",FALSE,2019-06-28
2018-06-29,"BRT",14.3096908110526,"swim",FALSE,2019-06-29
2018-06-29,"MNY",23.7144060977931,"swim",FALSE,2019-06-29
2018-06-29,"PEB",10,"swim",FALSE,2019-06-29
2018-06-29,"PRB",29.5417693906278,"swim",FALSE,2019-06-29
2018-06-29,"WBO",14.3096908110526,"swim",FALSE,2019-06-29
2018-06-30,"BRT",14.3096908110526,"swim",FALSE,2019-06-30
2018-06-30,"MNY",29.1369345857619,"swim",FALSE,2019-06-30
2018-06-30,"PEB",19.7435048583482,"swim",FALSE,2019-06-30
2018-06-30,"PRB",40.7596554802961,"swim",FALSE,2019-06-30
2018-06-30,"WBO",35.6520491593201,"swim",FALSE,2019-06-30
2018-07-01,"BRT",16.4375182951723,"swim",FALSE,2019-07-01
2018-07-01,"MNY",18.2056420302608,"swim",FALSE,2019-07-01
2018-07-01,"PEB",18.881750225898,"swim",FALSE,2019-07-01
2018-07-01,"PRB",33.658654363386,"swim",FALSE,2019-07-01
2018-07-01,"WBO",56.7381884223914,"swim",FALSE,2019-07-01
2018-07-02,"BRT",39.4870097166964,"swim",FALSE,2019-07-02
2018-07-02,"MNY",31.291346445319,"swim",FALSE,2019-07-02
2018-07-02,"PEB",11.4869835499704,"swim",FALSE,2019-07-02
2018-07-02,"PRB",20.9127910518255,"swim",FALSE,2019-07-02
2018-07-02,"WBO",64.7027308468769,"swim",FALSE,2019-07-02
2018-07-03,"BRT",11.4869835499704,"swim",FALSE,2019-07-03
2018-07-03,"MNY",11.4869835499704,"swim",FALSE,2019-07-03
2018-07-03,"PEB",20.9127910518255,"swim",FALSE,2019-07-03
2018-07-03,"PRB",26.0517108469735,"swim",FALSE,2019-07-03
2018-07-03,"WBO",38.6636408986353,"swim",FALSE,2019-07-03
2018-07-04,"BRT",23.3894283742802,"swim",FALSE,2019-07-04
2018-07-04,"MNY",24.9146187923103,"swim",FALSE,2019-07-04
2018-07-04,"PEB",18.881750225898,"swim",FALSE,2019-07-04
2018-07-04,"PRB",207.525892441337,"no swim",FALSE,2019-07-04
2018-07-04,"WBO",812.372895541555,"no swim",FALSE,2019-07-04
2018-07-05,"BRT",258.144951767051,"no swim",FALSE,2019-07-05
2018-07-05,"MNY",13.1950791077289,"swim",FALSE,2019-07-05
2018-07-05,"PEB",118.636009276675,"swim",FALSE,2019-07-05
2018-07-05,"PRB",159.305023926603,"swim",FALSE,2019-07-05
2018-07-05,"WBO",42.8225473667665,"swim",FALSE,2019-07-05
2018-07-06,"BRT",187.918904155699,"swim",FALSE,2019-07-06
2018-07-06,"MNY",19.0365393871588,"swim",FALSE,2019-07-06
2018-07-06,"PEB",57.4349177498517,"swim",FALSE,2019-07-06
2018-07-06,"PRB",58.2738691715238,"swim",FALSE,2019-07-06
2018-07-06,"WBO",40.9534502215844,"swim",FALSE,2019-07-06
2018-07-07,"BRT",143.934186267675,"swim",FALSE,2019-07-07
2018-07-07,"MNY",10,"swim",FALSE,2019-07-07
2018-07-07,"PEB",29.3015605158352,"swim",FALSE,2019-07-07
2018-07-07,"PRB",55.0156321196687,"swim",FALSE,2019-07-07
2018-07-07,"WBO",27.5945932292243,"swim",FALSE,2019-07-07
2018-07-08,"BRT",14.3096908110526,"swim",FALSE,2019-07-08
2018-07-08,"MNY",10,"swim",FALSE,2019-07-08
2018-07-08,"PEB",39.4870097166964,"swim",FALSE,2019-07-08
2018-07-08,"PRB",29.3015605158352,"swim",FALSE,2019-07-08
2018-07-08,"WBO",71.3040983186401,"swim",FALSE,2019-07-08
2018-07-09,"BRT",45.4995312317806,"swim",FALSE,2019-07-09
2018-07-09,"MNY",15.157165665104,"swim",FALSE,2019-07-09
2018-07-09,"PEB",12.4573093961552,"swim",FALSE,2019-07-09
2018-07-09,"PRB",31.7767152314644,"swim",FALSE,2019-07-09
2018-07-09,"WBO",39.5852373231868,"swim",FALSE,2019-07-09
2018-07-10,"BRT",11.4869835499704,"swim",FALSE,2019-07-10
2018-07-10,"MNY",12.4573093961552,"swim",FALSE,2019-07-10
2018-07-10,"PEB",11.4869835499704,"swim",FALSE,2019-07-10
2018-07-10,"PRB",32.4534222319921,"swim",FALSE,2019-07-10
2018-07-10,"WBO",53.7347957957133,"swim",FALSE,2019-07-10
2018-07-11,"BRT",10,"swim",FALSE,2019-07-11
2018-07-11,"MNY",11.4869835499704,"swim",FALSE,2019-07-11
2018-07-11,"PEB",13.1950791077289,"swim",FALSE,2019-07-11
2018-07-11,"PRB",29.9255573947769,"swim",FALSE,2019-07-11
2018-07-11,"WBO",125.476746310953,"swim",FALSE,2019-07-11
2018-07-12,"BRT",11.4869835499704,"swim",FALSE,2019-07-12
2018-07-12,"MNY",10,"swim",FALSE,2019-07-12
2018-07-12,"PEB",21.689435423954,"swim",FALSE,2019-07-12
2018-07-12,"PRB",29.3015605158352,"swim",FALSE,2019-07-12
2018-07-12,"WBO",22.3685382944029,"swim",FALSE,2019-07-12
2018-07-13,"BRT",10,"swim",FALSE,2019-07-13
2018-07-13,"MNY",26.0517108469735,"swim",FALSE,2019-07-13
2018-07-13,"PEB",11.4869835499704,"swim",FALSE,2019-07-13
2018-07-13,"PRB",21.4112736833832,"swim",FALSE,2019-07-13
2018-07-13,"WBO",57.8515502401576,"swim",FALSE,2019-07-13
2018-07-14,"BRT",11.4869835499704,"swim",FALSE,2019-07-14
2018-07-14,"MNY",57.2163868639355,"swim",FALSE,2019-07-14
2018-07-14,"PEB",18.881750225898,"swim",FALSE,2019-07-14
2018-07-14,"PRB",26.0517108469735,"swim",FALSE,2019-07-14
2018-07-14,"WBO",20.4767251107922,"swim",FALSE,2019-07-14
2018-07-15,"BRT",14.3096908110526,"swim",FALSE,2019-07-15
2018-07-15,"MNY",25.5084900125158,"swim",FALSE,2019-07-15
2018-07-15,"PEB",10,"swim",FALSE,2019-07-15
2018-07-15,"PRB",25.5084900125158,"swim",FALSE,2019-07-15
2018-07-15,"WBO",31.7767152314644,"swim",FALSE,2019-07-15
2018-07-16,"BRT",45.7305051927326,"swim",FALSE,2019-07-16
2018-07-16,"MNY",15.157165665104,"swim",FALSE,2019-07-16
2018-07-16,"PEB",10,"swim",FALSE,2019-07-16
2018-07-16,"PRB",14.3096908110526,"swim",FALSE,2019-07-16
2018-07-16,"WBO",107.841828241866,"swim",FALSE,2019-07-16
2018-07-17,"BRT",58.0642455024407,"swim",FALSE,2019-07-17
2018-07-17,"MNY",61.2777412560081,"swim",FALSE,2019-07-17
2018-07-17,"PEB",11.4869835499704,"swim",FALSE,2019-07-17
2018-07-17,"PRB",60.2479423344736,"swim",FALSE,2019-07-17
2018-07-17,"WBO",62.3858880710583,"swim",FALSE,2019-07-17
2018-07-18,"BRT",102.350841805465,"swim",FALSE,2019-07-18
2018-07-18,"MNY",24.9146187923103,"swim",FALSE,2019-07-18
2018-07-18,"PEB",10,"swim",FALSE,2019-07-18
2018-07-18,"PRB",57.7079962362885,"swim",FALSE,2019-07-18
2018-07-18,"WBO",144.514534558768,"swim",FALSE,2019-07-18
2018-07-19,"BRT",17.4110112659225,"swim",FALSE,2019-07-19
2018-07-19,"MNY",13.1950791077289,"swim",FALSE,2019-07-19
2018-07-19,"PEB",17.82602457966,"swim",FALSE,2019-07-19
2018-07-19,"PRB",173.918168793008,"swim",FALSE,2019-07-19
2018-07-19,"WBO",22.6793315526605,"swim",FALSE,2019-07-19
2018-07-20,"BRT",18.2056420302608,"swim",FALSE,2019-07-20
2018-07-20,"MNY",56.1872278344131,"swim",FALSE,2019-07-20
2018-07-20,"PEB",16.4375182951723,"swim",FALSE,2019-07-20
2018-07-20,"PRB",46.0861997519527,"swim",FALSE,2019-07-20
2018-07-20,"WBO",27.5945932292243,"swim",FALSE,2019-07-20
2018-07-21,"BRT",10,"swim",FALSE,2019-07-21
2018-07-21,"MNY",26.3901582154579,"swim",FALSE,2019-07-21
2018-07-21,"PEB",11.4869835499704,"swim",FALSE,2019-07-21
2018-07-21,"PRB",29.9255573947769,"swim",FALSE,2019-07-21
2018-07-21,"WBO",15.157165665104,"swim",FALSE,2019-07-21
2018-07-22,"BRT",10,"swim",FALSE,2019-07-22
2018-07-22,"MNY",29.5417693906278,"swim",FALSE,2019-07-22
2018-07-22,"PEB",16.4375182951723,"swim",FALSE,2019-07-22
2018-07-22,"PRB",16.4375182951723,"swim",FALSE,2019-07-22
2018-07-22,"WBO",10,"swim",FALSE,2019-07-22
2018-07-23,"BRT",11.4869835499704,"swim",FALSE,2019-07-23
2018-07-23,"MNY",15.157165665104,"swim",FALSE,2019-07-23
2018-07-23,"PEB",519.367691389842,"swim",FALSE,2019-07-23
2018-07-23,"PRB",64.0744299507361,"swim",FALSE,2019-07-23
2018-07-23,"WBO",27.0192007704123,"swim",FALSE,2019-07-23
2018-07-24,"BRT",11.4869835499704,"no swim",TRUE,2019-07-24
2018-07-24,"MNY",53.345372167932,"no swim",TRUE,2019-07-24
2018-07-24,"PEB",44.7769492694043,"no swim",TRUE,2019-07-24
2018-07-24,"PRB",53.0456600927507,"no swim",TRUE,2019-07-24
2018-07-24,"WBO",58.2738691715238,"no swim",TRUE,2019-07-24
2018-07-25,"BRT",51.0169800250316,"no swim",TRUE,2019-07-25
2018-07-25,"MNY",210.427980345813,"no swim",FALSE,2019-07-25
2018-07-25,"PEB",135.023875672194,"no swim",TRUE,2019-07-25
2018-07-25,"PRB",327.362360837707,"no swim",FALSE,2019-07-25
2018-07-25,"WBO",32.4534222319921,"no swim",TRUE,2019-07-25
2018-07-26,"BRT",24.9146187923103,"no swim",TRUE,2019-07-26
2018-07-26,"MNY",933.795269993701,"no swim",FALSE,2019-07-26
2018-07-26,"PEB",1000,"no swim",FALSE,2019-07-26
2018-07-26,"PRB",465.402604498229,"no swim",FALSE,2019-07-26
2018-07-26,"WBO",252.93391587602,"no swim",FALSE,2019-07-26
2018-07-27,"BRT",11.4869835499704,"swim",FALSE,2019-07-27
2018-07-27,"MNY",275.988745813679,"no swim",FALSE,2019-07-27
2018-07-27,"PEB",211.253943602415,"no swim",FALSE,2019-07-27
2018-07-27,"PRB",1000,"no swim",FALSE,2019-07-27
2018-07-27,"WBO",110.372982821505,"swim",FALSE,2019-07-27
2018-07-28,"BRT",278.332612658069,"no swim",FALSE,2019-07-28
2018-07-28,"MNY",256.708877652767,"no swim",FALSE,2019-07-28
2018-07-28,"PEB",907.168537196464,"no swim",FALSE,2019-07-28
2018-07-28,"PRB",441.485298094946,"no swim",FALSE,2019-07-28
2018-07-28,"WBO",42.2357152993351,"swim",FALSE,2019-07-28
2018-07-29,"BRT",37.2791927319135,"swim",FALSE,2019-07-29
2018-07-29,"MNY",69.1752974804457,"swim",FALSE,2019-07-29
2018-07-29,"PEB",249.387392241812,"no swim",FALSE,2019-07-29
2018-07-29,"PRB",174.684357800652,"swim",FALSE,2019-07-29
2018-07-29,"WBO",52.103421693947,"swim",FALSE,2019-07-29
2018-07-30,"BRT",92.7503281815108,"swim",FALSE,2019-07-30
2018-07-30,"MNY",35.1948202893552,"swim",FALSE,2019-07-30
2018-07-30,"PEB",98.6251097710336,"swim",FALSE,2019-07-30
2018-07-30,"PRB",130.396647812558,"swim",FALSE,2019-07-30
2018-07-30,"WBO",34.9970840622773,"swim",FALSE,2019-07-30
2018-07-31,"BRT",16.4375182951723,"swim",FALSE,2019-07-31
2018-07-31,"MNY",59.3953425864091,"swim",FALSE,2019-07-31
2018-07-31,"PEB",67.4878522295951,"swim",FALSE,2019-07-31
2018-07-31,"PRB",77.6468269100591,"swim",FALSE,2019-07-31
2018-07-31,"WBO",41.1226851224625,"swim",FALSE,2019-07-31
2018-08-01,"BRT",10,"swim",FALSE,2019-08-01
2018-08-01,"MNY",82.4125370113871,"swim",FALSE,2019-08-01
2018-08-01,"PEB",29.9255573947769,"swim",FALSE,2019-08-01
2018-08-01,"PRB",52.6143373051742,"swim",FALSE,2019-08-01
2018-08-01,"WBO",17.82602457966,"swim",FALSE,2019-08-01
2018-08-02,"BRT",15.157165665104,"swim",FALSE,2019-08-02
2018-08-02,"MNY",56.1872278344131,"swim",FALSE,2019-08-02
2018-08-02,"PEB",64.2161889253264,"swim",FALSE,2019-08-02
2018-08-02,"PRB",39.7307752111093,"swim",FALSE,2019-08-02
2018-08-02,"WBO",53.9253495009487,"swim",FALSE,2019-08-02
2018-08-03,"BRT",28.8539981181443,"swim",FALSE,2019-08-03
2018-08-03,"MNY",61.8786183886527,"swim",FALSE,2019-08-03
2018-08-03,"PEB",131.763948168238,"swim",FALSE,2019-08-03
2018-08-03,"PRB",39.7307752111093,"swim",FALSE,2019-08-03
2018-08-03,"WBO",1000,"no swim",FALSE,2019-08-03
2018-08-04,"BRT",11.4869835499704,"swim",FALSE,2019-08-04
2018-08-04,"MNY",20,"swim",FALSE,2019-08-04
2018-08-04,"PEB",51.331923583647,"swim",FALSE,2019-08-04
2018-08-04,"PRB",86.0756602282385,"swim",FALSE,2019-08-04
2018-08-04,"WBO",18.881750225898,"swim",FALSE,2019-08-04
2018-08-05,"BRT",16.4375182951723,"swim",FALSE,2019-08-05
2018-08-05,"MNY",171.477129626247,"swim",FALSE,2019-08-05
2018-08-05,"PEB",239.011567735219,"no swim",FALSE,2019-08-05
2018-08-05,"PRB",58.2738691715238,"swim",FALSE,2019-08-05
2018-08-05,"WBO",21.689435423954,"swim",FALSE,2019-08-05
2018-08-06,"BRT",64.0744299507361,"swim",FALSE,2019-08-06
2018-08-06,"MNY",41.1226851224625,"swim",FALSE,2019-08-06
2018-08-06,"PEB",197.371828894377,"swim",FALSE,2019-08-06
2018-08-06,"PRB",44.4128606984584,"swim",FALSE,2019-08-06
2018-08-06,"WBO",41.6940525104117,"swim",FALSE,2019-08-06
2018-08-07,"BRT",16.7027765233481,"swim",FALSE,2019-08-07
2018-08-07,"MNY",20.9127910518255,"no swim",TRUE,2019-08-07
2018-08-07,"PEB",23.5215804504935,"no swim",TRUE,2019-08-07
2018-08-07,"PRB",46.1789292741588,"no swim",TRUE,2019-08-07
2018-08-07,"WBO",30.314331330208,"swim",FALSE,2019-08-07
2018-08-08,"BRT",130.350127412626,"swim",FALSE,2019-08-08
2018-08-08,"MNY",523.533876866859,"no swim",FALSE,2019-08-08
2018-08-08,"PEB",212.685135702933,"no swim",FALSE,2019-08-08
2018-08-08,"PRB",135.991887898593,"swim",FALSE,2019-08-08
2018-08-08,"WBO",114.639171317376,"swim",FALSE,2019-08-08
2018-08-09,"BRT",26.0517108469735,"swim",FALSE,2019-08-09
2018-08-09,"MNY",22.2064303492292,"swim",FALSE,2019-08-09
2018-08-09,"PEB",193.136861474013,"swim",FALSE,2019-08-09
2018-08-09,"PRB",175.85255062015,"swim",FALSE,2019-08-09
2018-08-09,"WBO",38.9458872246067,"swim",FALSE,2019-08-09
2018-08-10,"BRT",18.881750225898,"swim",FALSE,2019-08-10
2018-08-10,"MNY",45.6386761277582,"swim",FALSE,2019-08-10
2018-08-10,"PEB",64.7027308468769,"swim",FALSE,2019-08-10
2018-08-10,"PRB",69.4869105371577,"swim",FALSE,2019-08-10
2018-08-10,"WBO",78.5478383469541,"swim",FALSE,2019-08-10
2018-08-11,"BRT",34.3754385517496,"swim",FALSE,2019-08-11
2018-08-11,"MNY",31.291346445319,"swim",FALSE,2019-08-11
2018-08-11,"PEB",63.5534304629287,"swim",FALSE,2019-08-11
2018-08-11,"PRB",68.9219012998221,"swim",FALSE,2019-08-11
2018-08-11,"WBO",41.2891791733337,"swim",FALSE,2019-08-11
2018-08-12,"BRT",20.9127910518255,"swim",FALSE,2019-08-12
2018-08-12,"MNY",48.2090081011309,"swim",FALSE,2019-08-12
2018-08-12,"PEB",80.6021936935699,"swim",FALSE,2019-08-12
2018-08-12,"PRB",31.291346445319,"swim",FALSE,2019-08-12
2018-08-12,"WBO",48.8788343771227,"swim",FALSE,2019-08-12
2018-08-13,"BRT",10,"swim",FALSE,2019-08-13
2018-08-13,"MNY",23.5215804504935,"swim",FALSE,2019-08-13
2018-08-13,"PEB",383.828461165278,"no swim",FALSE,2019-08-13
2018-08-13,"PRB",32.8750365903445,"swim",FALSE,2019-08-13
2018-08-13,"WBO",480.208044404564,"no swim",FALSE,2019-08-13
2018-08-14,"BRT",102.350841805465,"swim",FALSE,2019-08-14
2018-08-14,"MNY",24.0224886796286,"swim",FALSE,2019-08-14
2018-08-14,"PEB",69.1752974804457,"swim",FALSE,2019-08-14
2018-08-14,"PRB",32.4534222319921,"swim",FALSE,2019-08-14
2018-08-14,"WBO",21.689435423954,"swim",FALSE,2019-08-14
2018-08-15,"BRT",19.7435048583482,"swim",FALSE,2019-08-15
2018-08-15,"MNY",18.881750225898,"swim",FALSE,2019-08-15
2018-08-15,"PEB",241.995475453775,"no swim",FALSE,2019-08-15
2018-08-15,"PRB",23.5215804504935,"swim",FALSE,2019-08-15
2018-08-15,"WBO",59.6629000083781,"swim",FALSE,2019-08-15
2018-08-16,"BRT",42.8225473667665,"swim",FALSE,2019-08-16
2018-08-16,"MNY",20.9127910518255,"swim",FALSE,2019-08-16
2018-08-16,"PEB",68.9219012998221,"swim",FALSE,2019-08-16
2018-08-16,"PRB",37.6447449532735,"swim",FALSE,2019-08-16
2018-08-16,"WBO",67.5648055108061,"swim",FALSE,2019-08-16
2018-08-17,"BRT",45.1295672307671,"swim",FALSE,2019-08-17
2018-08-17,"MNY",24.0224886796286,"swim",FALSE,2019-08-17
2018-08-17,"PEB",131.908539774651,"swim",FALSE,2019-08-17
2018-08-17,"PRB",87.6540525127365,"swim",FALSE,2019-08-17
2018-08-17,"WBO",65.0504450816124,"swim",FALSE,2019-08-17
2018-08-18,"BRT",15.3057937649195,"swim",FALSE,2019-08-18
2018-08-18,"MNY",20.9127910518255,"swim",FALSE,2019-08-18
2018-08-18,"PEB",1000,"no swim",FALSE,2019-08-18
2018-08-18,"PRB",174.075276699521,"swim",FALSE,2019-08-18
2018-08-18,"WBO",28.5293817838677,"swim",FALSE,2019-08-18
2018-08-19,"BRT",30.1708816827258,"swim",FALSE,2019-08-19
2018-08-19,"MNY",13.7972966146121,"swim",FALSE,2019-08-19
2018-08-19,"PEB",42.2357152993351,"swim",FALSE,2019-08-19
2018-08-19,"PRB",59.0835387812556,"swim",FALSE,2019-08-19
2018-08-19,"WBO",49.6725387648724,"swim",FALSE,2019-08-19
2018-08-20,"BRT",27.0192007704123,"swim",FALSE,2019-08-20
2018-08-20,"MNY",90.1576542913647,"swim",FALSE,2019-08-20
2018-08-20,"PEB",56.7381884223914,"swim",FALSE,2019-08-20
2018-08-20,"PRB",34.6572421577573,"swim",FALSE,2019-08-20
2018-08-20,"WBO",51.0169800250316,"swim",FALSE,2019-08-20
2018-08-21,"BRT",18.881750225898,"swim",FALSE,2019-08-21
2018-08-21,"MNY",28.6193816221051,"swim",FALSE,2019-08-21
2018-08-21,"PEB",125.476746310953,"swim",FALSE,2019-08-21
2018-08-21,"PRB",31.7767152314644,"swim",FALSE,2019-08-21
2018-08-21,"WBO",311.110450735315,"no swim",FALSE,2019-08-21
2018-08-22,"BRT",17.82602457966,"swim",FALSE,2019-08-22
2018-08-22,"MNY",65.0146637370272,"no swim",TRUE,2019-08-22
2018-08-22,"PEB",696.657737732547,"no swim",FALSE,2019-08-22
2018-08-22,"PRB",24.9146187923103,"no swim",TRUE,2019-08-22
2018-08-22,"WBO",44.4128606984584,"swim",FALSE,2019-08-22
2018-08-23,"BRT",88.0089388299762,"swim",FALSE,2019-08-23
2018-08-23,"MNY",374.82566306776,"no swim",FALSE,2019-08-23
2018-08-23,"PEB",86.9433394951644,"swim",FALSE,2019-08-23
2018-08-23,"PRB",184.134838555019,"no swim",TRUE,2019-08-23
2018-08-23,"WBO",828.518026058568,"no swim",FALSE,2019-08-23
2018-08-24,"BRT",41.2062685056936,"swim",FALSE,2019-08-24
2018-08-24,"MNY",47.679110069098,"swim",FALSE,2019-08-24
2018-08-24,"PEB",961.087149610063,"no swim",FALSE,2019-08-24
2018-08-24,"PRB",261.808086199785,"no swim",FALSE,2019-08-24
2018-08-24,"WBO",47.4288121955862,"swim",FALSE,2019-08-24
2018-08-25,"BRT",21.8672414788656,"swim",FALSE,2019-08-25
2018-08-25,"MNY",65.4389389941237,"swim",FALSE,2019-08-25
2018-08-25,"PEB",88.0489065752637,"swim",FALSE,2019-08-25
2018-08-25,"PRB",72.5935617980741,"swim",FALSE,2019-08-25
2018-08-25,"WBO",68.1496244539766,"swim",FALSE,2019-08-25
2018-08-26,"BRT",17.82602457966,"swim",FALSE,2019-08-26
2018-08-26,"MNY",91.9854356930475,"swim",FALSE,2019-08-26
2018-08-26,"PEB",205.093835305718,"no swim",FALSE,2019-08-26
2018-08-26,"PRB",168.739679341909,"swim",FALSE,2019-08-26
2018-08-26,"WBO",40.4282321707986,"swim",FALSE,2019-08-26
2019-06-15,"BRT",15.157165665104,"swim",FALSE,2019-06-15
2019-06-15,"MNY",18.881750225898,"swim",FALSE,2019-06-15
2019-06-15,"PEB",NA,"closed",FALSE,2019-06-15
2019-06-15,"PRB",NA,"closed",FALSE,2019-06-15
2019-06-15,"WBO",85.8581448663153,"swim",FALSE,2019-06-15
2019-06-16,"BRT",79.7484226894185,"swim",FALSE,2019-06-16
2019-06-16,"MNY",27.0192007704123,"swim",FALSE,2019-06-16
2019-06-16,"PEB",NA,"closed",FALSE,2019-06-16
2019-06-16,"PRB",NA,"closed",FALSE,2019-06-16
2019-06-16,"WBO",88.5522451638962,"swim",FALSE,2019-06-16
2019-06-17,"BRT",127.501610332761,"swim",FALSE,2019-06-17
2019-06-17,"MNY",18.881750225898,"swim",FALSE,2019-06-17
2019-06-17,"PEB",NA,"closed",FALSE,2019-06-17
2019-06-17,"PRB",NA,"closed",FALSE,2019-06-17
2019-06-17,"WBO",88.0489065752637,"swim",FALSE,2019-06-17
2019-06-18,"BRT",17.82602457966,"swim",FALSE,2019-06-18
2019-06-18,"MNY",16.4375182951723,"swim",FALSE,2019-06-18
2019-06-18,"PEB",NA,"closed",FALSE,2019-06-18
2019-06-18,"PRB",NA,"closed",FALSE,2019-06-18
2019-06-18,"WBO",16.4375182951723,"swim",FALSE,2019-06-18
2019-06-19,"BRT",87.5031068181016,"swim",FALSE,2019-06-19
2019-06-19,"MNY",10,"swim",FALSE,2019-06-19
2019-06-19,"PEB",NA,"closed",FALSE,2019-06-19
2019-06-19,"PRB",NA,"closed",FALSE,2019-06-19
2019-06-19,"WBO",19.7435048583482,"swim",FALSE,2019-06-19
2019-06-20,"BRT",21.4112736833832,"swim",FALSE,2019-06-20
2019-06-20,"MNY",15.5184557391536,"swim",FALSE,2019-06-20
2019-06-20,"PEB",NA,"closed",FALSE,2019-06-20
2019-06-20,"PRB",NA,"closed",FALSE,2019-06-20
2019-06-20,"WBO",63.1963661149854,"swim",FALSE,2019-06-20
2019-06-21,"BRT",48.5593374830204,"swim",FALSE,2019-06-21
2019-06-21,"MNY",32.4534222319921,"swim",FALSE,2019-06-21
2019-06-21,"PEB",NA,"closed",FALSE,2019-06-21
2019-06-21,"PRB",NA,"closed",FALSE,2019-06-21
2019-06-21,"WBO",132.161239979735,"swim",FALSE,2019-06-21
2019-06-22,"BRT",162.370829436539,"swim",FALSE,2019-06-22
2019-06-22,"MNY",32.5252225408062,"swim",FALSE,2019-06-22
2019-06-22,"PEB",NA,"closed",FALSE,2019-06-22
2019-06-22,"PRB",NA,"closed",FALSE,2019-06-22
2019-06-22,"WBO",83.0881400316975,"swim",FALSE,2019-06-22
2019-06-23,"BRT",243.879322588697,"closed",FALSE,2019-06-23
2019-06-23,"MNY",18.2056420302608,"swim",FALSE,2019-06-23
2019-06-23,"PEB",NA,"closed",FALSE,2019-06-23
2019-06-23,"PRB",NA,"closed",FALSE,2019-06-23
2019-06-23,"WBO",92.4401740609853,"swim",FALSE,2019-06-23
2019-06-24,"BRT",191.765473899371,"swim",FALSE,2019-06-24
2019-06-24,"MNY",13.1950791077289,"swim",FALSE,2019-06-24
2019-06-24,"PEB",NA,"closed",FALSE,2019-06-24
2019-06-24,"PRB",NA,"closed",FALSE,2019-06-24
2019-06-24,"WBO",164.637345660708,"swim",FALSE,2019-06-24
2019-06-25,"BRT",15.157165665104,"swim",FALSE,2019-06-25
2019-06-25,"MNY",13.1950791077289,"swim",FALSE,2019-06-25
2019-06-25,"PEB",NA,"closed",FALSE,2019-06-25
2019-06-25,"PRB",NA,"closed",FALSE,2019-06-25
2019-06-25,"WBO",11.4869835499704,"swim",FALSE,2019-06-25
2019-06-26,"BRT",17.82602457966,"swim",FALSE,2019-06-26
2019-06-26,"MNY",125.275201554872,"swim",FALSE,2019-06-26
2019-06-26,"PEB",NA,"closed",FALSE,2019-06-26
2019-06-26,"PRB",NA,"closed",FALSE,2019-06-26
2019-06-26,"WBO",32.7716539242112,"swim",FALSE,2019-06-26
2019-06-27,"BRT",19.7435048583482,"swim",FALSE,2019-06-27
2019-06-27,"MNY",20.4767251107922,"swim",FALSE,2019-06-27
2019-06-27,"PEB",NA,"closed",FALSE,2019-06-27
2019-06-27,"PRB",NA,"closed",FALSE,2019-06-27
2019-06-27,"WBO",72.4547585607786,"swim",FALSE,2019-06-27
2019-06-28,"BRT",24.5950948584936,"swim",FALSE,2019-06-28
2019-06-28,"MNY",19.0365393871588,"swim",FALSE,2019-06-28
2019-06-28,"PEB",NA,"closed",FALSE,2019-06-28
2019-06-28,"PRB",NA,"closed",FALSE,2019-06-28
2019-06-28,"WBO",113.878785446961,"swim",FALSE,2019-06-28
2019-06-29,"BRT",18.2056420302608,"no swim",FALSE,2019-06-29
2019-06-29,"MNY",18.2056420302608,"no swim",FALSE,2019-06-29
2019-06-29,"PEB",15.157165665104,"no swim",FALSE,2019-06-29
2019-06-29,"PRB",40.1242259950497,"no swim",FALSE,2019-06-29
2019-06-29,"WBO",64.5652105152209,"no swim",FALSE,2019-06-29
2019-06-30,"BRT",43.2424566021082,"swim",FALSE,2019-06-30
2019-06-30,"MNY",94.6342523088442,"swim",FALSE,2019-06-30
2019-06-30,"PEB",11.4869835499704,"swim",FALSE,2019-06-30
2019-06-30,"PRB",556.41275748315,"no swim",FALSE,2019-06-30
2019-06-30,"WBO",432.926931808921,"no swim",FALSE,2019-06-30
2019-07-01,"BRT",129.999089654979,"swim",FALSE,2019-07-01
2019-07-01,"MNY",106.746254638717,"swim",FALSE,2019-07-01
2019-07-01,"PEB",96.1948239552566,"swim",FALSE,2019-07-01
2019-07-01,"PRB",124.771776142117,"swim",FALSE,2019-07-01
2019-07-01,"WBO",110.842006733095,"swim",FALSE,2019-07-01
2019-07-02,"BRT",44.0933352052479,"swim",FALSE,2019-07-02
2019-07-02,"MNY",33.0975091964687,"swim",FALSE,2019-07-02
2019-07-02,"PEB",34.6410161513775,"swim",FALSE,2019-07-02
2019-07-02,"PRB",21.1474252688113,"swim",FALSE,2019-07-02
2019-07-02,"WBO",27.0192007704123,"swim",FALSE,2019-07-02
2019-07-03,"BRT",12.4573093961552,"swim",FALSE,2019-07-03
2019-07-03,"MNY",17.4110112659225,"swim",FALSE,2019-07-03
2019-07-03,"PEB",12.4573093961552,"swim",FALSE,2019-07-03
2019-07-03,"PRB",17.82602457966,"swim",FALSE,2019-07-03
2019-07-03,"WBO",54.4813985485332,"swim",FALSE,2019-07-03
2019-07-04,"BRT",128.645721847413,"swim",FALSE,2019-07-04
2019-07-04,"MNY",12.4573093961552,"swim",FALSE,2019-07-04
2019-07-04,"PEB",10,"swim",FALSE,2019-07-04
2019-07-04,"PRB",30.8625357683187,"swim",FALSE,2019-07-04
2019-07-04,"WBO",12.4573093961552,"swim",FALSE,2019-07-04
2019-07-05,"BRT",17.4110112659225,"swim",FALSE,2019-07-05
2019-07-05,"MNY",13.1950791077289,"swim",FALSE,2019-07-05
2019-07-05,"PEB",17.4110112659225,"swim",FALSE,2019-07-05
2019-07-05,"PRB",24.5950948584936,"swim",FALSE,2019-07-05
2019-07-05,"WBO",38.0730787743176,"swim",FALSE,2019-07-05
2019-07-06,"BRT",10,"no swim",FALSE,2019-07-06
2019-07-06,"MNY",116.345419960107,"swim",FALSE,2019-07-06
2019-07-06,"PEB",121.375510072868,"swim",FALSE,2019-07-06
2019-07-06,"PRB",46.4398437900346,"swim",FALSE,2019-07-06
2019-07-06,"WBO",21.689435423954,"no swim",FALSE,2019-07-06
2019-07-07,"BRT",12.4573093961552,"swim",FALSE,2019-07-07
2019-07-07,"MNY",31.0369114783072,"swim",FALSE,2019-07-07
2019-07-07,"PEB",15.157165665104,"swim",FALSE,2019-07-07
2019-07-07,"PRB",55.3264746889037,"swim",FALSE,2019-07-07
2019-07-07,"WBO",468.321965185957,"no swim",FALSE,2019-07-07
